pair_type,index_a,index_b,similarity,clause_a,clause_b,is_similar
high_sim,570,4251,0.9999998807907104,"This Agreement shall be governed by         the laws of the State of California, USA, excluding conflict of laws         provisions and excluding the 1980 United Nations Convention on Contracts         for the International Sale of Goods.","This Agreement shall be governed by          the laws of the State of California, USA, excluding conflict of laws          provisions and excluding the 1980 United Nations Convention on          Contracts for the International Sale of Goods.",1
high_sim,8372,4775,0.9977378249168396,"In no event will either party be liable to the other for special,       incidental, or indirect damages or for any consequential damages       (including lost profits or savings), even if they are informed of the       possibility; provided that this Section 10 does not apply to Customer's       failure to pay any amounts owing to IBM under this Agreement (including       amounts owing for Services that would have been rendered but for       Customer's breach of this Agreement).","In no event will either party be liable to the other for special, incidental, or indirect damages or for any consequential damages (including lost profits or savings), even if they are informed of the possibility; provided that this Section 10.0 does not apply to Customer's failure to pay any amounts owing to IBM under this Agreement (including amounts owing for Services that would have been rendered but for Customer's breach of this Agreement).",1
high_sim,3350,3364,0.9970284700393677,"In the event SFJ terminates this Agreement pursuant to this Section 14.2.5, then in exchange for purchasing the Trial Data Package including the Research Results included therein as set forth in Section 11.1.1.4, PB will pay SFJ within [***] of the date of termination an amount equal to three hundred percent (300%) of Development Costs paid or incurred by SFJ prior to such termination.","In the event that PB terminates this Agreement pursuant to this Section 14.2.2 then in exchange for purchasing the Trial Data Package including the Research Results included therein as set forth in Section 11.1.1.4, PB will pay SFJ, within [***] of the date of termination, an amount equal to three hundred percent (300%) of Development Costs paid or incurred by SFJ prior to such termination.",1
high_sim,4725,4726,0.9967572689056396,"During the Term, for the activities described in this Agreement, IMNTV hereby grants Distributor non-exclusive rights and licenses necessary within the Territory to: (a) copy, store digitally, host and stream the Programming; (b) publicly perform, publicly display, electronically transmit, distribute and broadcast the Programming; (c) promote the Programming and use IMNTV Marks for Distributor's promotion of the Programming as activities described in Section 2.4 above; (d) archive the Programming on Distributor's servers; (e) encode, copy, and create continuous Programming excerpts of up to sixty (60) seconds and transmit, publicly perform, distribute, and redistribute such excerpts to","During the Term, for the activities described in this Agreement, IMNTV hereby grants Distributor non-exclusive rights and licenses necessary within the Territory to: (a) copy, store digitally, host and stream the Programming; (b) publicly perform, publicly display, electronically transmit, distribute and broadcast the Programming; (c) promote the Programming and use IMNTV Marks for Distributor's promotion of the Programming as activities described in Section 2.4 above; (d) archive the Programming on Distributor's servers; (e) encode, copy, and create continuous Programming excerpts of up to sixty (60) seconds and transmit, publicly perform, distribute, and redistribute such excerpts to end users via the Distributor's Portal for marketing purposes only(f) deep link to the Programming.",1
high_sim,805,806,0.9962702989578247,"MSCI hereby grants (subject to any existing third party contractual obligations) to MS a non-exclusive, perpetual, irrevocable, world- wide, royalty-free license for MS to use, modify, copy, create derivative works of and sublicense, for any business purpose, the MSCI Licensed Materials.","MS hereby grants (subject to any existing third party contractual obligations) to MSCI a non-exclusive, perpetual, irrevocable, world- wide, royalty-free license for MSCI to use, modify, copy, create derivative works of and sublicense, for any business purpose, the MS Licensed Materials.",1
high_sim,3213,3214,0.9959206581115723,"In the event of a Change in Control involving Green Cross, Green Cross shall provide prompt written notice to MacroGenics following such Change in Control, and MacroGenics may, in its sole discretion, terminate this Agreement by providing written notice to Green Cross within *** of MacroGenics' receipt of such written notice of the Change in Control.","In the event of a Change in Control involving MacroGenics, MacroGenics shall provide prompt written notice to Green Cross following such Change in Control, and Green Cross may, in its sole discretion, terminate this Agreement by providing written notice to MacroGenics within *** of Green Cross' receipt of such written notice of the Change in Control.",1
high_sim,2983,2986,0.9951390027999878,"Franchisee  therefore agrees that  during the term of the  Franchise  Agreement,  or the period of time which Franchisee operates a Unit under this Agreement,  whichever is shorter,  neither Franchisee  nor  any  Affiliate,  immediate  family  member,  or  in  the  event Franchisee is a corporation

any Owner thereof and member of his immediate  family or in the event  Franchise is a partnership any partner  (general or limited) thereof and any member of his immediate family, shall:

         (1) Have  any  direct  or  indirect  interest  as an  owner,  investor,          partner, director, officer, employee, consultant, representative, agent          or in  any  other  capacity  in any  Competitive  Business  located  or          operating  at the Site or within  three (3) miles of any  Pretzel  Time          Unit  in  operation  or  under  development  on the  effective  date of          termination or expiration of this Agreement, except a Pretzel Time Unit          operated by Franchisee under Franchise Agreements with Pretzel Time; or

         (2) Recruit or hire any employee who, within the immediately  preceding          six (6) month period,  was employed by Pretzel Time or any Pretzel Time          Unit operated by Pretzel Time, its Affiliates or another  franchisee or          licensee  of  Pretzel  Time,   without   obtaining  the  prior  written          permission of Pretzel Time or such franchisee.","Franchisee  also  acknowledges  that Pretzel Time has granted the Franchise to  Franchisee  in  consideration  of and reliance  upon  Franchisee's agreement to deal  exclusively  with Pretzel Time.  Franchisee  therefore agrees that  during the term of the  Franchise  Agreement,  or the period of time which Franchisee operates a Unit under this Agreement,  whichever is shorter,  neither Franchisee  nor  any  Affiliate,  immediate  family  member,  or  in  the  event Franchisee is a corporation

any Owner thereof and member of his immediate  family or in the event  Franchise is a partnership any partner  (general or limited) thereof and any member of his immediate family, shall:

         (1) Have  any  direct  or  indirect  interest  as an  owner,  investor,          partner, director, officer, employee, consultant, representative, agent          or in  any  other  capacity  in any  Competitive  Business  located  or          operating  at the Site or within  three (3) miles of any  Pretzel  Time          Unit  in  operation  or  under  development  on the  effective  date of          termination or expiration of this Agreement, except a Pretzel Time Unit          operated by Franchisee under Franchise Agreements with Pretzel Time; or

         (2) Recruit or hire any employee who, within the immediately  preceding          six (6) month period,  was employed by Pretzel Time or any Pretzel Time          Unit operated by Pretzel Time, its Affiliates or another  franchisee or          licensee  of  Pretzel  Time,   without   obtaining  the  prior  written          permission of Pretzel Time or such franchisee.",1
high_sim,1345,1349,0.9950636625289917,"Company grants to Investor, for the duration of the Option Period, a worldwide, royalty-free, non-exclusive, irrevocable license (with the right to grant sublicenses to Affiliates) under the Patents to practice the methods therein described and claimed and to make and have made, use, offer to sell, sell and import products made using such methods, and to make Improvements, and to engage in any activity which would give rise to a claim of infringement (direct or indirect or otherwise) of one or more of the Patents in the absence of a license.","Company further grants to Investor, during the duration of the Option Period, a worldwide, royalty-free, non-exclusive, irrevocable license (with the right to grant sublicenses to Affiliates) to use the Technical Information to practice the methods described and claimed in the Patents and to make and have made, use, offer to sell, sell and import products made using the methods, and to make Improvements, and to engage in any activity which would give rise to a claim of infringement (direct or indirect or otherwise) of one or more of the Patents in the absence of a license.",1
high_sim,835,4037,0.9944153428077698,"Except as otherwise set forth herein, neither party shall transfer, assign or cede any rights or delegate any obligations hereunder, in whole or in part, whether voluntarily or by operation of law, without the prior written consent of the other party, which consent may be withheld at the other party's reasonable business discretion; provided, however, that either party may transfer this Agreement without prior written consent of the other to an Affiliate of such party, or to the surviving party in a merger or consolidation, or to a purchaser of all or substantially all of its assets.","Except as otherwise set forth herein, neither Party shall transfer, assign or cede any rights or delegate any obligations hereunder, in whole or in part, whether voluntarily or by operation of law, without the prior written consent of the other Party, which consent may be withheld at the other Party's reasonable business discretion; provided, however, that either Party may transfer this Agreement without prior written consent of the other Party to an Affiliate or in connection with a merger or sale of all or substantially all of the stock or assets of such Party.",1
high_sim,2748,2740,0.9942471981048584,"During the Term of this Agreement, and for a period of two (2) years thereafter, Aucta shall not research, develop, manufacture, file, sell, market, or distribute more than two products containing the active ingredient Lamotrigine; nor will Aucta directly or indirectly assist any other Person or entity in carrying or any such activities.","During the Term of this Agreement, and for a period of two (2) years thereafter, Aucta shall not research, develop, manufacture, file, sell, market, or distribute more than two products containing the active ingredient Lamotrigine; nor will Aucta directly or indirectly assist any other Person or entity in carrying or any such activities. [ * * * ]",1
high_sim,4179,5677,0.9914455413818359,"(each a ""Party"" and together the ""Parties"").","(each a ""Party"" and collectively the ""Parties"").",1
high_sim,7608,7609,0.9903242588043213,"initiate any Action against any member of the Honeywell Group or its Affiliates for infringement, misappropriation or other violation of any SpinCo IP, (ii) oppose, challenge, petition to cancel, contest or threaten in any way, or assist another party in opposing, challenging, petitioning to cancel, contesting or threatening in any way, any application or registration by the Honeywell Group or its Affiliates or their respective licensees for any Honeywell IP, the use of which is consistent with the use of such Honeywell IP in connection with the Honeywell Business as of immediately prior to the Distribution Date, (iii) engage in any act, or purposefully omit to perform any act, that impairs or adversely affects the rights of Honeywell or any member of the Honeywell Group in and to any Honeywell IP or (iv) apply for any registration with respect to the Honeywell IP (including federal, state and national registrations), in each case of the foregoing clauses (i) - (iv) for a period of five (5) years after the Distribution Date, without the prior written consent of Honeywell, which consent shall not be unreasonably withheld, conditioned or delayed.","Honeywell agrees that it will not, and agrees to cause each member of the Honeywell Group not to, (i) initiate any Action against any member of the SpinCo Group or its Affiliates for infringement, misappropriation or other violation of any Honeywell IP, (ii) oppose, challenge, petition to cancel, contest or threaten in any way, or assist another party in opposing, challenging, petitioning to cancel, contesting or threatening in any way, any application or registration by SpinCo or its Affiliates or their respective licensees for any SpinCo IP, the use of which is consistent with the use of such SpinCo IP in connection with the SpinCo Business as of immediately prior to the Distribution Date, (iii) engage in any act, or purposefully omit to perform any act, that impairs or adversely affects the rights of SpinCo or any member of the SpinCo Group in and to any SpinCo IP or (iv) apply for any registration with respect to the SpinCo IP (including federal, state and national registrations), in each case of the foregoing clauses (i) - (iv) for a period of five (5) years after the Distribution Date, without the prior written consent of SpinCo, which consent shall not be unreasonably withheld, conditioned or delayed.",1
high_sim,6593,6581,0.9889329075813293,"Without limiting the foregoing, Certegy hereby grants, and will cause





the other members of the Certegy Group to grant, to Equifax a fully paid, non- exclusive, perpetual, worldwide, transferable license to use, modify, improve, create Derivative Works from, and sublicense, the Utility Software Programs (in both object and source code format) identified on Exhibit L as being owned by Certegy or a member of the Certegy Group for any and all fields of use and to any and all Persons.","Without limiting the foregoing, Equifax hereby grants, and will cause the other members of the Equifax Group to grant, to Certegy a fully paid, non- exclusive, perpetual, worldwide, transferable license to use, modify, improve, create Derivative Works from, and sublicense, the Utility Software Programs (in both object and source code format) identified on Exhibit L as being owned by Equifax or a member of the Equifax Group for any and all fields of use and to any and all Persons.",1
high_sim,6776,6777,0.9887135028839111,"If this Agreement is renewed for the First Additional Term, then the First Additional Term shall commence on July 23, 2016, and the Agreement shall expire and terminate automatically without further notice on July 22, 2019.","If this Agreement is renewed for the Second Additional Term, then the Second Additional Term shall commence on July 23, 2019 and the Agreement shall expire and terminate automatically without further notice on July 22, 2022.",1
high_sim,8050,8052,0.9881975054740906,"common stock of the Company (calculated on an as-converted basis and as      adjusted for any stock split, stock dividend, recapitalization or similar      transaction)","common stock of the Company (calculated on an as-converted basis and as      adjusted for any stock split, stock dividend, recapitalization or similar      transaction).",1
high_sim,1529,1505,0.987265408039093,"Upon termination or expiration of this  Agreement,  if the  parties  do not enter  into a  successor  Franchise Agreement  whereby the Franchisee  shall continue to be a franchisee and operate the  Franchised  Restaurant at the Location,  BKC or its designee shall have the option subject to obtaining any necessary governmental consent:

                        (a)  To  purchase  the   Location   and/or  any  related equipment at fair market value, if the  Franchisee,  any of the Principals or an affiliate of the Franchisee owns the Location and/or related equipment.","Upon termination or expiration of this  Agreement,  if the  parties  do not enter  into a  successor  Franchise Agreement  whereby the Franchisee  shall continue to be a franchisee and operate the  Franchised  Restaurant at the Location,  BKC or its designee shall have the option subject to obtaining any necessary governmental consent:

                        (a)  To  purchase  the   Location   and/or  any  related equipment at fair market value, if the  Franchisee,  any of the Principals or an affiliate of the Franchisee owns the Location and/or related equipment.

                        (b) If the Location is leased by the Franchisee,  any of the  Principals  or an affiliate  of the  Franchisee,  subject to obtaining  any necessary  landlord's consent, to obtain an assignment of the leasehold interest at a price equal to the fair market value of the leasehold interest.",1
high_sim,7855,7844,0.9863608479499817,"Bioamber hereby grants Cargill, and Cargill hereby accepts, an exclusive, worldwide, royalty-free license with an unlimited right to  sublicense under and to Bioamber Improvements for use outside the Field during the term of this Development Agreement. Such  use shall be for research purposes only.","Bioamber hereby grants Cargill, and Cargill hereby accepts, an exclusive, worldwide, royalty-free license with an unlimited right to  sublicense under and to Bioamber Improvements for use outside the Field during the term of this Development Agreement",1
high_sim,6307,6308,0.9860482215881348,"This Assignment shall be governed by the laws of the State of Delaware, its rules of conflict of laws notwithstanding.","This Agreement shall be governed by the laws of the State of Delaware, its rules of conflict of laws notwithstanding.",1
high_sim,6399,547,0.9852110147476196,"Any and all claims and actions arising out of or relating to this Agreement, the relationship of you and us, or your operation of the Franchised Business, brought by any party hereto against the other, shall be commenced within two (2) years from the occurrence of the facts giving rise to such claim or action, or such claim or action shall be barred.","Any and all claims and actions arising out of or relating to this Agreement, the relationship between you and us, or your operation of the Restaurant, brought by any party hereto against the other, must be commenced within one (1) year from the occurrence of the facts giving rise to such claim or action, or, it is expressly acknowledged and agreed by all parties, such claim or action will be irrevocably barred.",1
high_sim,7966,2293,0.9845750331878662,"Such insurance (i) will be primary insurance with respect to each Party's own participation under this Agreement and (ii) will be issued by a recognized insurer rated by A.M. Best ""A-VII"" (or its equivalent) or better, or an insurer pre-approved in writing by the other Party.","Such insurance (a) shall be primary insurance with respect to each Party's own participation under this Agreement, (b) shall be issued by a recognized insurer rated by A.M. Best ""A-VII"" (or its equivalent) or better, or an insurer pre- approved in writing by the other Party, and (c) shall list the other Party as an additional insured under the General Liability Policy.",1
high_sim,5533,3940,0.9835106730461121,"In the event that, prior to commencement of the Contract Period, Company has filed one or more applications for registration of any such trademark, or otherwise has obtained any rights to such trademark, Company agrees to cause such applications and/or trademarks to be assigned and transferred to Licensor forthwith.","In the event that, prior to the Contract Period, Company has filed one or more applications for registration of any such trademark, or otherwise has obtained any rights to such trademark, Company agrees to cause such applications and/or trademarks to be assigned and transferred to Pey Dirt forthwith.",1
high_sim,4528,2097,0.9820964336395264,This Agreement shall be governed by and construed in accordance with the laws of the State of Connecticut.,This Agreement shall be governed by and construed in accordance with the laws of the State of Texas.,1
high_sim,5335,5328,0.9817113876342773,"If BII does not provide written notice of its exercise of the first right to negotiate within such [...***...] period, XENCOR and any Business Partner shall be free to enter into one or more agreements with third parties for the manufacture and supply of Product for use in Phase 2 and 3 clinical trials","If BII does not provide written notice of its exercise of the first right to negotiate within such [...***...] period, XENCOR and any Business Partner shall be free to enter into one or more agreements with third parties for the manufacture and supply of commercial Product (which may include an agreement for any Business Partner or its affiliate to manufacture and supply commercial Product).",1
high_sim,6752,7588,0.9814479351043701,"In the event the Company is unable to sell a minimum of    Shares within the period herein provided, this Agreement shall terminate and the  Company shall refund to any persons who have subscribed for any of the Shares the full amount which it may have received from them plus  accrued interest, as set forth in the Prospectus; and none of the parties to this Agreement shall have any obligation to the other parties hereunder,  except as set forth in this Section 2 and in Sections 7, 9 and 10 hereof","In the event the Holding Company is unable to sell a minimum of 17,850,000 Shares within the period herein provided, this Agreement shall terminate and the Holding Company shall refund to any persons who have subscribed for any of the Shares the full amount which it may have received from them plus accrued interest, as set forth in the Prospectus; and none of the parties to this Agreement shall have any obligation to the other parties hereunder, except as set forth in this Section 2 and in Sections 7, 9 and 10 hereof. In the event the Offering is terminated for any reason not attributable to the action or inaction of the Agent, the Agent shall be paid the fees due to the date of such termination pursuant to subparagraphs (a) and (e) below.",1
high_sim,4944,4945,0.9813671112060547,"If FMI is unable or unwilling to develop and commercialize an Immuno Clinical Study assay or CDx assay resulting from the Immunotherapy Testing Platform Development Program in a given country within the Territory as specified in an R&D Plan for any reason other than a breach of this Agreement by Roche, and on the timeline agreed to in such R&D Plan, then, effective on the end of the timeline specified in such R&D Plan, FMI hereby grants to Roche a non-exclusive, royalty-free, perpetual, and sublicensable license under any intellectual property invented by FMI arising from the Immunotherapy Testing Platform Program or the Immunotherapy Testing Platform Development that is necessary for Roche to develop and commercialize such tests in such country in the Territory.","If FMI is unwilling or unable to develop and commercialize a CDx Assay for a given country in the Territory as specified in the R&D Plan, and on the timeline set forth in the relevant R&D Plan, for any reason other than a breach of this Agreement by Roche, then FMI hereby grants to Roche a non-exclusive, royalty-free, sublicensable, and perpetual license under any intellectual property invented by FMI arising from the CDx Development Program that is necessary for Roche to develop and commercialize a CDx Assay equivalent in such country in the Territory.",1
high_sim,8037,7590,0.9808142185211182,"It is expressly  agreed that the Agent shall not be liable for any loss, liability,  claim, damage or expense or be required  to  contribute  any amount  which in the  aggregate  exceeds the amount paid (excluding reimbursable expenses) to the Agent under this Agreement.","It is expressly agreed that the Agent shall not be liable for any loss, liability, claim, damage or expense or be required to contribute any amount pursuant to Section 9(b) or this Section 10 which in the aggregate exceeds the amount paid (excluding reimbursable expenses) to the Agent under this Agreement.",1
high_sim,4172,1570,0.9806901812553406,"Each Party, at its own expense, shall maintain product liability and other appropriate insurance (or self- insure) in an amount consistent with industry standards during the Term.","Each party, at its own expense, shall maintain product liability and other appropriate insurance (or self- insure) in an amount consistent with industry standards during the Term and shall name the other party as an additional insured with respect to such insurance.",1
high_sim,249,6733,0.9806677103042603,"this  _____ day of _________, 20___","this ___ day of _________, 2004",1
high_sim,1482,4080,0.9805344939231873,This Agreement shall be governed by and construed in accordance with the laws of the State of California exclusive of its conflict of laws principles.,This Agreement shall be governed by and construed in accordance with the laws of the State of California without regard to its conflict of laws provisions.,1
high_sim,8463,8460,0.9803891181945801,"The cash royalty shall be an amount equal to six percent (6.0%) of the Net Sales Price of the invoice price of any Licensed Products and for which payment was actually received by Eutectix (the ""Liquidmetal Royalty"").","The cash commission shall be an amount equal to six percent (6.0%) of the Net Sales Price of the invoice price of Licensed Products sold by Eutectix or its permitted sublicensees and for which payment was actually received by Eutectix (the ""Liquidmetal Commission"").",1
high_sim,7065,7064,0.9784735441207886,"Option to convert annual royalties to TDA common stock at a $10 of             stock for every $1 of Royalty converted.

            a.    TDA stock conversion price based on the previous six month                   average daily price

            b.    Option is limited to 25,000 shares of TDA common stock and if                   the option is exercised, it must be exercised when the                   agreement is in effect.

            c.    This one-time option would cease all future royalties.","Option to convert annual royalties to TDA common stock at a $10 of             stock for every $1 of Royalty converted.

            a.    TDA stock conversion price based on the previous six month                   average daily price

            b.    Option is limited to 50% of TDA outstanding stock and if the                   option is exercised, it must be exercised when the agreement     &sbsp;             is in effect.",1
high_sim,2691,2688,0.9781780242919922,"Qualigen shall deliver to Sekisui: 7.2.1. as soon as practicable, but in any event within one-hundred eighty (180) days after the end of each fiscal year of Qualigen (i) a balance sheet as of the end of such year, (ii) a statement of income for such year, and (iii) a comparison between (x) the actual amounts as of and for such fiscal year and (y) the comparable amounts for the prior year and as included in Qualigen's budget for such year, with an explanation of any material differences between such amounts, all such financial statements in the form of a compilation prepared by independent public accountants; 7.2.2. as soon as practicable, but in any event within thirty (30) days after the end of each quarter of each fiscal year of Qualigen, an unaudited statement of income for such fiscal quarter, and an unaudited balance sheet as of the end of such fiscal quarter, all prepared in accordance with GAAP (except that such financial statements may (i) be subject to normal year-end audit adjustments; and (ii) not contain all notes thereto that may be required in accordance with GAAP);","7.2.3. as soon as practicable, but in any event within thirty (30) days of the end of each month, an unaudited income statement for such month, and an unaudited balance sheet as of the end of such month, all prepared in accordance with GAAP (except that such financial statements may (i) be subject to normal year-end audit adjustments and (ii) not contain all notes thereto that may be required in accordance with GAAP); 7.2.4. as soon as practicable, but in any event within forty five (45) days after the end of each quarter of each fiscal year of Qualigen, a progress report setting forth Qualigen's business results and progress against the Development Plan; and 7.2.5. as soon as practicable, but in any event no later than sixty (60) days before the end of each fiscal year, a budget and business plan for the next fiscal year, prepared on a monthly basis, including balance sheets and income statements.",1
high_sim,2242,7650,0.9781091213226318,"Subject to applicable law, the Company, on the one hand, and each of the Marathon Parties on the other hand, covenants and agrees that, during the Support Period or if earlier, until such time as the other Party or any of its or her officers, directors, employees, subsidiaries, Affiliates, Associates, agents, attorneys or other representatives (collectively, the ""Representatives"") shall have breached this section, neither it nor any of its respective Representatives acting, directly or indirectly, at its direction or on its behalf, shall in any way publicly (including by any communication with other investors or prospective investors in the Company where such communications could reasonably be expected to be made public or trigger a public disclosure obligation, with securities analysts or any member of traditional or digital media) criticize, disparage, call into disrepute or otherwise defame or slander the other Party or such other Party's Representatives (including any current officer or director of a Party or a Party's subsidiaries who no longer serves in such capacity at any time following the execution of this Agreement), or any of their businesses, products or services, in any manner that would reasonably be expected to damage the business or reputation of such other Party.","Subject to applicable law, each of the Parties covenants and agrees that, during the Standstill Period, neither Party nor any of its subsidiaries, Affiliates, successors, assigns, principals, partners, members, general partners, officers, key employees or directors (collectively, ""Representatives""), shall in any way, directly or indirectly, in any capacity or manner, whether written or oral, electronically or otherwise (including, without limitation, in a television, radio, internet, newspaper, magazine interview, or otherwise through the press, media, analysts or other persons or in any document or report filed with the SEC), publicly disparage, impugn, make ad hominem attacks on or otherwise defame or slander or make, express, transmit, speak, write, verbalize or otherwise publicly communicate in any way (or cause, further, assist, solicit, encourage, support or participate in any of the foregoing), any public communication or statement of any kind, whether verbal, in writing, electronically transferred or otherwise, that might reasonably be construed to be disparage, derogate or impugn, the other Party or such other Party's Representatives (including any current officer or director of a Party or a Parties' subsidiaries who no longer serves in such capacity following the execution of this Agreement), employees, stockholders (solely in their capacity as stockholders of the applicable Party), or any of their businesses, products or services, in any manner that would reasonably be expected to damage the business, or reputation of the other Party or of its Representatives (including former officers and directors), directors (or former directors), employees, stockholders (solely in their capacity as stockholders of the applicable Party); provided that, with respect to any litigation, arbitration or other proceeding between the Parties, nothing in this Section 5 shall prevent either Party from disclosing any facts or circumstances with respect to any such litigation, arbitration or other proceeding.",1
high_sim,4528,7660,0.9773164987564087,This Agreement shall be governed by and construed in accordance with the laws of the State of Connecticut.,This Agreement shall be governed by and construed in accordance with the laws of the State of Missouri.,1
high_sim,2097,7660,0.9769770503044128,This Agreement shall be governed by and construed in accordance with the laws of the State of Texas.,This Agreement shall be governed by and construed in accordance with the laws of the State of Missouri.,1
high_sim,901,2544,0.976536214351654,"IN NO EVENT SHALL EITHER PARTY BE LIABLE TO THE OTHER FOR ANY ""COVER"" DAMAGES (INCLUDING INTERNAL COVER DAMAGES WHICH THE PARTIES AGREE MAY NOT BE CONSIDERED DIRECT DAMAGES), OR ANY INCIDENTAL, CONSEQUENTIAL, SPECIAL OR PUNITIVE DAMAGES OF ANY KIND OR NATURE ARISING OUT OF THIS AGREEMENT OR THE SALE OF MANUFACTURER'S PRODUCTS, WHETHER SUCH LIABILITY IS ASSERTED ON THE BASIS OF CONTRACT, TORT (INCLUDING THE POSSIBILITY OF NEGLIGENCE OR STRICT LIABILITY), OR OTHERWISE, EVEN IF THE PARTY HAS BEEN WARNED OF THE POSSIBILITY OF ANY SUCH LOSS OR DAMAGE, AND EVEN IF ANY OF THE LIMITED REMEDIES IN THIS AGREEMENT





FAIL OF THEIR ESSENTIAL PURPOSE.","IN NO EVENT SHALL EITHER PARTY BE LIABLE TO THE OTHER FOR ANY INCIDENTAL, CONSEQUENTIAL, SPECIAL OR PUNITIVE DAMAGES OF ANY KIND OR NATURE ARISING OUT OF THIS AGREEMENT OR THE SALE OF PRODUCTS, WHETHER SUCH LIABILITY IS ASSERTED ON THE BASIS OF CONTRACT, TORT (INCLUDING THE POSSIBILITY OF NEGLIGENCE OR STRICT LIABILITY), OR OTHERWISE, EVEN IF THE PARTY HAS BEEN WARNED OF THE POSSIBILITY OF ANY SUCH LOSS OR DAMAGE.",1
high_sim,5182,6699,0.975540280342102,"This Agreement shall be automatically renewed for successive three (3) year terms thereafter (each a ""Renewal Term"" and together with the Initial Term, the ""Term"") until and unless (i) either Party provides the other Party written notice of non-renewal no later than ninety (90) days prior the end of the Initial Term or any Renewal Term or (ii) earlier terminated as provided in this ARTICLE 11.","Unless terminated sooner, the term of this Agreement shall begin on the Effective Date and continue for three (3) years  thereafter (the ""Initial Term"") and shall automatically renew for additional one (1) year terms on the terms and conditions set forth herein (each a  ""Renewal Term"" and collectively, the ""Term"") unless either party gives the other Party Notice of its intention to terminate this Agreement ninety  (90) days before the end of the Initial Term or Renewal Term, if any.",1
high_sim,8810,547,0.9751843214035034,"Each party to this agreement agrees that any and all claims and actions arising out of or relating to this agreement, the parties' relationship, and/or your operation of the franchised business, brought by any party hereto against the other, shall be commenced within one (1) year from the occurrence of the facts giving rise to such claim or action, or, it is expressly acknowledged and agreed by all parties, such claim or action shall be irrevocably barred; provided, however, that the time limit for filing claims contained in this Section 27.7 shall not apply","Any and all claims and actions arising out of or relating to this Agreement, the relationship between you and us, or your operation of the Restaurant, brought by any party hereto against the other, must be commenced within one (1) year from the occurrence of the facts giving rise to such claim or action, or, it is expressly acknowledged and agreed by all parties, such claim or action will be irrevocably barred.",1
high_sim,3837,8971,0.9750139117240906,"may provide for different fees, advertising requirements, duration, and other rights and obligations from those provided in this Agreement);

            4.    The proposed transferee agrees in writing to perform such maintenance, remodeling and re-equipping of the Restaurant that we determine necessary to bring the Restaurant in compliance with our then-current standards;

            5.    Prior to the date of the proposed Transfer, the proposed transferee's management team successfully completes such training and instruction as we deem necessary;

            6.    We are satisfied that the proposed transferee (and if the proposed transferee is an entity, all holders of any interest in such entity) meets all of the requirements for our new franchisees applicable on the date we receive notice of the proposed transfer and including, but not limited to, good reputation and character, business experience, restaurant management experience, and financial strength and liquidity;

            7.    You and all holders of an interest in you execute a general release, in the form prescribed by us, releasing, to the fullest extent permitted by law, all claims that you or any of your investors may have against us and our affiliates, including our and their respective shareholders, officers, directors and employees, in both their individual and corporate capacities;

            8.    You pay us a transfer fee equal to one-half (1/2) of the then-current Initial Franchise Fee; and

            9.    We waive our right of first refusal under Paragraph XX.","If you propose to Transfer this Agreement, the Franchise or its assets, or any Interest, or if any of your Principal Owners proposes to Transfer a controlling Interest in you or make a Transfer that is one of a series of Transfers which taken together would constitute the Transfer of a controlling Interest in you, then all of the following conditions must be met before or at the time of the Transfer:   (a) the Proposed New Owner must have sufficient business experience, aptitude, and financial resources to operate the Franchise;   (b) you must pay any amounts owed for purchases from us and our affiliates, and any other amounts owed to us or our affiliates which are unpaid;   (c) the Proposed New Owner's directors and such other personnel as we may designate must have successfully completed our Initial Training program, and shall be legally authorized and have all licenses necessary to perform the services offered by the Franchise. The Proposed New Owner shall be responsible for any wages and compensation owed to, and the travel and living expenses (including all transportation costs, room, board and meals) incurred by, the attendees who attend the Initial Training program;   (d) if your lease for the Premises requires it, the lessor must have consented to the assignment of the lease of the Premises to the Proposed New Owner;   (e) you (or the Proposed New Owner) must pay us a Transfer fee equal to seventy-five percent (75%) of the then current initial franchise fee we charge to new Start-up Location franchisees, and must reimburse us for any reasonable expenses incurred by us in investigating and processing any Proposed New Owner where the Transfer is not consummated for any reason;   (f) you and your Principal Owners and your and their spouses must execute a general release (in a form satisfactory to us) of any and all claims you and/or they may have against us, our affiliates, and our and our affiliates' respective officers, directors, employees, and agents;",1
high_sim,835,2265,0.9735872745513916,"Except as otherwise set forth herein, neither party shall transfer, assign or cede any rights or delegate any obligations hereunder, in whole or in part, whether voluntarily or by operation of law, without the prior written consent of the other party, which consent may be withheld at the other party's reasonable business discretion; provided, however, that either party may transfer this Agreement without prior written consent of the other to an Affiliate of such party, or to the surviving party in a merger or consolidation, or to a purchaser of all or substantially all of its assets.","Without the prior written consent of the other Party, such consent not to be unreasonably withheld, conditioned, or delayed, neither Party shall sell, transfer, assign, delegate, pledge, or otherwise dispose of, whether voluntarily, involuntarily, by operation of law or otherwise, this Agreement or any of its rights or duties hereunder; provided that either Party may make such an assignment without the other Party's consent to its Affiliate or to a successor, whether in a merger, sale of stock, sale of assets or any other transaction, of the business to which this Agreement relates.",1
high_sim,2988,2986,0.9732222557067871,"Upon  termination of this  Agreement,  in accordance with its terms and conditions or by Franchisee  without cause, or upon expiration of this Agreement (unless the Franchise is renewed as provided for in this Agreement),  Franchisee and its Owners agree that for a period of TWELVE (12) months  commencing  on the effective  date of  termination  or expiration  or the date on which  Franchisee complies  with this Section,  whichever is later,  neither  Franchisee,  nor its Owners,  nor any person or entity  affiliated  with  Franchisee or  Franchisee's shareholders or partners shall have any direct or indirect  interest  (through a member of the immediate  families of Franchisee or its Owners or otherwise) as a disclosed or beneficial owner, investor,  partner, director,  officer, employee, consultant,  representative,  agent or in any other capacity in any  Competitive Business  located or operating:  (1) at the Site;  (2) within three (3) miles of the Unit;  and/or (3) within  three (3) miles of any other  Pretzel Time Unit in operation  or  under  development  on  the  effective  date  of  termination  or expiration of this  agreement for a period of one year after the  termination or expiration.","Franchisee  also  acknowledges  that Pretzel Time has granted the Franchise to  Franchisee  in  consideration  of and reliance  upon  Franchisee's agreement to deal  exclusively  with Pretzel Time.  Franchisee  therefore agrees that  during the term of the  Franchise  Agreement,  or the period of time which Franchisee operates a Unit under this Agreement,  whichever is shorter,  neither Franchisee  nor  any  Affiliate,  immediate  family  member,  or  in  the  event Franchisee is a corporation

any Owner thereof and member of his immediate  family or in the event  Franchise is a partnership any partner  (general or limited) thereof and any member of his immediate family, shall:

         (1) Have  any  direct  or  indirect  interest  as an  owner,  investor,          partner, director, officer, employee, consultant, representative, agent          or in  any  other  capacity  in any  Competitive  Business  located  or          operating  at the Site or within  three (3) miles of any  Pretzel  Time          Unit  in  operation  or  under  development  on the  effective  date of          termination or expiration of this Agreement, except a Pretzel Time Unit          operated by Franchisee under Franchise Agreements with Pretzel Time; or

         (2) Recruit or hire any employee who, within the immediately  preceding          six (6) month period,  was employed by Pretzel Time or any Pretzel Time          Unit operated by Pretzel Time, its Affiliates or another  franchisee or          licensee  of  Pretzel  Time,   without   obtaining  the  prior  written          permission of Pretzel Time or such franchisee.",1
high_sim,2988,2983,0.9729256629943848,"Upon  termination of this  Agreement,  in accordance with its terms and conditions or by Franchisee  without cause, or upon expiration of this Agreement (unless the Franchise is renewed as provided for in this Agreement),  Franchisee and its Owners agree that for a period of TWELVE (12) months  commencing  on the effective  date of  termination  or expiration  or the date on which  Franchisee complies  with this Section,  whichever is later,  neither  Franchisee,  nor its Owners,  nor any person or entity  affiliated  with  Franchisee or  Franchisee's shareholders or partners shall have any direct or indirect  interest  (through a member of the immediate  families of Franchisee or its Owners or otherwise) as a disclosed or beneficial owner, investor,  partner, director,  officer, employee, consultant,  representative,  agent or in any other capacity in any  Competitive Business  located or operating:  (1) at the Site;  (2) within three (3) miles of the Unit;  and/or (3) within  three (3) miles of any other  Pretzel Time Unit in operation  or  under  development  on  the  effective  date  of  termination  or expiration of this  agreement for a period of one year after the  termination or expiration.","Franchisee  therefore agrees that  during the term of the  Franchise  Agreement,  or the period of time which Franchisee operates a Unit under this Agreement,  whichever is shorter,  neither Franchisee  nor  any  Affiliate,  immediate  family  member,  or  in  the  event Franchisee is a corporation

any Owner thereof and member of his immediate  family or in the event  Franchise is a partnership any partner  (general or limited) thereof and any member of his immediate family, shall:

         (1) Have  any  direct  or  indirect  interest  as an  owner,  investor,          partner, director, officer, employee, consultant, representative, agent          or in  any  other  capacity  in any  Competitive  Business  located  or          operating  at the Site or within  three (3) miles of any  Pretzel  Time          Unit  in  operation  or  under  development  on the  effective  date of          termination or expiration of this Agreement, except a Pretzel Time Unit          operated by Franchisee under Franchise Agreements with Pretzel Time; or

         (2) Recruit or hire any employee who, within the immediately  preceding          six (6) month period,  was employed by Pretzel Time or any Pretzel Time          Unit operated by Pretzel Time, its Affiliates or another  franchisee or          licensee  of  Pretzel  Time,   without   obtaining  the  prior  written          permission of Pretzel Time or such franchisee.",1
high_sim,5988,3551,0.9722893238067627,"This Agreement shall be governed by, and construed in accordance with, the laws of the State of New York, without reference to any principles of conflicts of law thereof.","This Agreement shall be governed by, and construed and interpreted in accordance with, the laws of the State of New York, United States of  America, without regard to the principles of conflicts of law thereof.",1
high_sim,6568,8898,0.9721731543540955,Neither of the parties hereto may assign its rights or delegate any of its duties under this Agreement without the prior written consent of each other party.,Neither Party may assign its rights or delegate any of its duties under this Agreement without the prior written consent of the other Party.,1
high_sim,2242,5902,0.9717658758163452,"Subject to applicable law, the Company, on the one hand, and each of the Marathon Parties on the other hand, covenants and agrees that, during the Support Period or if earlier, until such time as the other Party or any of its or her officers, directors, employees, subsidiaries, Affiliates, Associates, agents, attorneys or other representatives (collectively, the ""Representatives"") shall have breached this section, neither it nor any of its respective Representatives acting, directly or indirectly, at its direction or on its behalf, shall in any way publicly (including by any communication with other investors or prospective investors in the Company where such communications could reasonably be expected to be made public or trigger a public disclosure obligation, with securities analysts or any member of traditional or digital media) criticize, disparage, call into disrepute or otherwise defame or slander the other Party or such other Party's Representatives (including any current officer or director of a Party or a Party's subsidiaries who no longer serves in such capacity at any time following the execution of this Agreement), or any of their businesses, products or services, in any manner that would reasonably be expected to damage the business or reputation of such other Party.","Neither the Farids Group nor any of its Affiliates shall in any manner, directly or indirectly, in any capacity or manner, make or cause to be made, or in any way encourage any other person to make or cause to be made, any public statement or public announcement, including in any document or report filed with or furnished to the SEC or through the press, media, analysts or other persons, that constitutes an ad hominem attack on or otherwise disparages, defames or slanders the Company or any of its Affiliates or any of their respective successors or current or former members, partners, officers, directors or employees; provided, that, the limitations set forth in this Section 8.8(b) shall not prevent the Farids Group or any of its Affiliates from (i) responding to any statement made by the Company or any of its Affiliates or representatives that was made in breach of Section 8.8(a) above or (ii) if solicited by a Third Party, making objective statements that reflect the Farids Group's or any of its Affiliates' view with respect to factual matters concerning specific acts or determinations of the Company, any of its Affiliates or any current or former representatives of the Company or any of its Affiliates occurring after the date hereof. For the avoidance of doubt, a public statement or announcement shall only be deemed to be made by the Farids Group or any of its Affiliates if such public statement or announcement is made by (X) a Farids manager, director or executive officer or an EA manager, director or executive officer (Y) an employee or representative of Farids or EA authorized to make such statement or announcement on behalf of Farids or EA, as applicable.",1
high_sim,5372,6914,0.9712775945663452,"Neither party may assign this Agreement, in whole                   or in part, without the other party's written consent (which                   will not be unreasonably withheld), except that no such                   consent will be required in connection with (i) a merger,                   reorganization or sale of all, or substantially all, of such                   party's assets or (ii) the assignment and/or delegation of                   such party's rights and responsibilities hereunder to a                   wholly-owned subsidiary or joint venture in which that party                   holds an interest.","Neither party may assign this Agreement, in whole or in part,      ----------      without the other party's written consent (which will not be unreasonably





     withheld or delayed); provided however, that either party may assign its      rights and obligations hereunder in the event of a sale of all, or      substantially all of such party's assets related to this Agreement, whether      by merger, reorganization, operation of law or otherwise, or (2) either      party's assignment and/or delegation of its rights and responsibilities      hereunder to a wholly-owned subsidiary or joint venture in which the      assigning party holds an interest.",1
high_sim,2206,2598,0.9709842801094055,"EXCEPTING ONLY CLAIMS MADE PURSUANT TO SECTION 12.1, IN NO EVENT WILL EITHER PARTY BE LIABLE FOR ANY INDIRECT, SPECIAL, INCIDENTAL, EXEMPLARY, PUNITIVE OR CONSEQUENTIAL DAMAGES OF ANY KIND, INCLUDING ANY LOST PROFITS, LOST REVENUES OR LOST SAVINGS, ARISING OUT OF OR IN CONNECTION WITH THIS AGREEMENT AND/OR THE PRODUCTS, WHETHER IN CONTRACT, TORT, STRICT LIABILITY OR OTHERWISE, EVEN IF THE PARTY HAS BEEN ADVISED, KNOWS OR SHOULD KNOW, OR IS OTHERWISE AWARE OF THE POSSIBILITY OF SUCH DAMAGES.","EXCEPT FOR DAMAGES FOR WHICH A PARTY IS RESPONSIBLE PURSUANT TO ITS INDEMNIFICATION OBLIGATIONS SET FORTH IN SECTION 10 ABOVE, EACH PARTY SPECIFICALLY DISCLAIMS ALL LIABILITY FOR AND SHALL IN NO EVENT BE LIABLE FOR ANY INCIDENTAL, SPECIAL, INDIRECT OR CONSEQUENTIAL DAMAGES, EXPENSES, LOST PROFITS, LOST SAVINGS, INTERRUPTIONS OF BUSINESS OR OTHER DAMAGES OF ANY KIND OR CHARACTER WHATSOEVER ARISING OUT OF OR RELATED TO THIS AGREEMENT OR RESULTING FROM THE MANUFACTURE, HANDLING. MARKETING, SALE, DISTRIBUTION OR USE OF LICENSED PRODUCT REGARDLESS OF THE FORM OF ACTION, WHETHER IN CONTRACT, TORT, STRICT LIABILITY OR OTHERWISE, EVEN IF SUCH PARTY WAS ADVISED OF THE POSSIBILITY OF SUCH DAMAGES",1
high_sim,4968,6748,0.9708405137062073,This Agreement shall be governed by and construed in accordance with the laws of the State of New York without reference to any rules of conflict of laws.,This Agreement shall be construed in accordance with the laws of the State of New York without regard to principles of  conflicts of law.,1
high_sim,7919,7947,0.9701457023620605,"Each sublicense of any license granted to BLI under this Section 9.2 (Grants to BLI) will (i) be in writing, (ii) be consistent with the terms and conditions of this Agreement and (iii) require each sublicensee thereunder to comply with all terms of this Agreement applicable to a sublicensee; provided that, subject to Section 6.2.1, such prior written consent of Ginkgo shall not be needed for any sublicense granted by BLI (a) under Section 9.2.1, to a Permitted Subcontractor of BLI under Section 2.7 (Subcontracting) to the extent such sublicense relates to the subcontracted activities, (b) any wholly-owned subsidiary of BLI existing as of the Effective Date, or (c) any other Person, including other Affiliates and any Third Party, under Section 9.2.2.","Ginkgo may grant sublicenses of the license granted to Ginkgo under Section 9.1.1 (Scope of Grants) and Section 9.1.2 (License Grant to Exploit [***]) with the prior written consent of BLI[***]; provided that such prior written consent of BLI shall not be needed for any sublicense granted by Ginkgo to (a) a Permitted Subcontractor of Ginkgo under Section 2.7 (Subcontracting) to the extent such sublicense relates to the subcontracted activities, (b) any wholly-owned subsidiary of Ginkgo existing as of the Effective Date or (c) any other Person, including other Affiliates and any Third Party, under Section 9.1.2 (License Grant to Exploit [***]) so long as, in the case of this clause (c), the sublicense [***].",1
high_sim,266,268,0.9700824618339539,"Subject to the terms and conditions of this Agreement, as of the Distribution Date, Nuance hereby grants to SpinCo and the members of the SpinCo Group a worldwide, non-exclusive, fully paid-up, perpetual and irrevocable, transferable (subject to ARTICLE VIII), sublicensable (subject to Section 3.01(g)) license to install, access, use, reproduce, perform, display, modify (including the right to create improvements and derivative works), further develop, sell, manufacture, distribute and market products and services based on, using or incorporating the Nuance Shared Technology Assets within the SpinCo Field of Use, together with natural extensions and evolutions thereof.","Subject to the terms and conditions of this Agreement, as of the Distribution Date, SpinCo hereby grants to Nuance and the members of the Nuance Group a worldwide, non-exclusive, fully paid-up, perpetual and irrevocable, transferable (subject to ARTICLE VIII), sublicensable (subject to Section 4.01(g)) license to continue to use any SpinCo IP (other than SpinCo Patents, SpinCo Technology Assets, SpinCo Trademarks, SpinCo Domain Names and SpinCo Data), in each case solely as and to the extent that it is used by the Nuance Group in connection with products and services of the Nuance Business within the Nuance Field of Use, together with natural extensions and evolutions thereof.",1
high_sim,5336,4627,0.9695080518722534,"This Agreement shall not be assignable by either Party, except with the written





consent of the other Party hereto; provided, however, that either Party may assign this Agreement without the other Party's consent to an acquiring party in connection with the transfer or sale of all or substantially all of the business of such Party to which this Agreement relates to such acquiring party, whether by merger, sale of stock, sale of assets or otherwise, provided that in the event of such a sale or transfer (whether this Agreement is actually assigned or is assumed by the acquiring party by operation of law (e.g,. in the context of a reverse triangular merger)).","Neither Party may assign or transfer this Supply Agreement, including by merger, operation of law, or otherwise, without the other Party's prior written consent (which shall not be withheld unreasonably) except each Party may assign this Supply Agreement without the other Party's consent in the case of assignment or transfer to a Third Party that succeeds to all or substantially all of the assigning Party's business and assets relating to the subject matter of this Supply Agreement, whether by sale, merger, operation of law or otherwise. Any attempted assignment by a Party in violation of this Section without the written consent of the other Party will be null and void.",1
high_sim,7190,4903,0.9694980382919312,"All inventions, ideas, creations, discoveries, computer programs, works of authorship, data, developments, technology, designs, innovations and improvements (whether or not patentable and whether or not copyrightable) which are made, conceived, reduced to practice, created, written, designed or developed by the Consultant, solely or jointly with others or under Consultant's direction and whether during normal business hours or otherwise, (i) during the Consultation Period if related to the business of the Company or (ii) during or after the Consultation Period if resulting or directly derived from Proprietary Information (as defined above) (collectively under clauses (i) and (ii), ""Inventions""), shall be the sole property of the Company.","CONSULTANT acknowledges that CONSULTANT's rights in all discoveries, concepts, ideas, inventions, innovations, improvements, developments, methods, designs, analyses, drawings, reports, patent applications, copyrightable work and mask work (whether or not including any Proprietary Information) and all registrations or applications related thereto, all other proprietary information and all similar or related information (whether or not patentable) which relate to the Company's actual or anticipated business, research and development or existing or future products or services and which were or are conceived, developed, contributed to or made or reduced to practice by CONSULTANT (whether alone or jointly with others) while under contract with the Company, whether before or after the date of this Agreement (""Work Product""), belong to the Company.",1
high_sim,249,955,0.9694311618804932,"this  _____ day of _________, 20___","this ______ day of ________________, 2013",1
high_sim,2299,6699,0.9689417481422424,"Unless earlier terminated as provided below, the term of this Agreement shall begin on the Effective Date and shall  continue for a period of five (5) years from the Effective Date (the ""Initial Term"") after which this Agreement may be extended on mutual agreement  of the parties (a ""Renewal Term,"" and together with the Initial Term, the ""Term"").","Unless terminated sooner, the term of this Agreement shall begin on the Effective Date and continue for three (3) years  thereafter (the ""Initial Term"") and shall automatically renew for additional one (1) year terms on the terms and conditions set forth herein (each a  ""Renewal Term"" and collectively, the ""Term"") unless either party gives the other Party Notice of its intention to terminate this Agreement ninety  (90) days before the end of the Initial Term or Renewal Term, if any.",1
high_sim,835,8298,0.9688763618469238,"Except as otherwise set forth herein, neither party shall transfer, assign or cede any rights or delegate any obligations hereunder, in whole or in part, whether voluntarily or by operation of law, without the prior written consent of the other party, which consent may be withheld at the other party's reasonable business discretion; provided, however, that either party may transfer this Agreement without prior written consent of the other to an Affiliate of such party, or to the surviving party in a merger or consolidation, or to a purchaser of all or substantially all of its assets.","This Agreement may not be assigned or otherwise transferred, nor may any right or obligations hereunder be assigned or transferred, by either Party without the prior written consent of the other Party; provided, however, that Licensor may, without such consent, assign this Agreement and its rights and obligations hereunder, in whole or in part, to an Affiliate or in connection with the transfer or sale of all or substantially all of its assets related to the Licensed Product or the business relating thereto, or in the event of its merger or consolidation or change in control or similar transaction.",1
high_sim,4968,4736,0.9687680006027222,This Agreement shall be governed by and construed in accordance with the laws of the State of New York without reference to any rules of conflict of laws.,"This Agreement shall be governed by and construed in accordance with the laws of the State of Ohio, without reference to principles of conflicts of law.",1
high_sim,457,461,0.9686134457588196,"Subject to the terms and conditions of this Agreement, Licensor hereby grants to Licensee, and Licensee hereby accepts from Licensor, an  exclusive, non-transferable (except as set forth in Section 10.7) and non-sublicensable (except as provided in Section 2.1(c)) license to use the  Licensed Content in connection with websites associated with the Licensed Domain Names until the earlier of (i) termination or expiration of this  Agreement, or (ii) termination or expiration of the Agency Agreement, provided, however, that in the event the Agency Agreement is amended or  restated, such amendment or restatement shall not be deemed a termination or expiration of the Agency Agreement.","Subject to the terms and conditions of this Agreement, Licensor hereby grants to Licensee, and Licensee hereby accepts from Licensor, an  exclusive, non-transferable (except as set forth in Section 10.7) and non-sublicensable (except as provided in Section 2.1(c)) license to use the  Licensed Domain Names in connection with the Business during the Term.",1
high_sim,6399,8810,0.9684609770774841,"Any and all claims and actions arising out of or relating to this Agreement, the relationship of you and us, or your operation of the Franchised Business, brought by any party hereto against the other, shall be commenced within two (2) years from the occurrence of the facts giving rise to such claim or action, or such claim or action shall be barred.","Each party to this agreement agrees that any and all claims and actions arising out of or relating to this agreement, the parties' relationship, and/or your operation of the franchised business, brought by any party hereto against the other, shall be commenced within one (1) year from the occurrence of the facts giving rise to such claim or action, or, it is expressly acknowledged and agreed by all parties, such claim or action shall be irrevocably barred; provided, however, that the time limit for filing claims contained in this Section 27.7 shall not apply",1
high_sim,6733,955,0.9684029817581177,"this ___ day of _________, 2004","this ______ day of ________________, 2013",1
high_sim,5988,7820,0.9677371382713318,"This Agreement shall be governed by, and construed in accordance with, the laws of the State of New York, without reference to any principles of conflicts of law thereof.","This Agreement shall be governed by and construed in all respects in accordance with the laws of the State of New York, without giving effect to any conflicts of laws principles.",1
high_sim,2265,4037,0.9677273631095886,"Without the prior written consent of the other Party, such consent not to be unreasonably withheld, conditioned, or delayed, neither Party shall sell, transfer, assign, delegate, pledge, or otherwise dispose of, whether voluntarily, involuntarily, by operation of law or otherwise, this Agreement or any of its rights or duties hereunder; provided that either Party may make such an assignment without the other Party's consent to its Affiliate or to a successor, whether in a merger, sale of stock, sale of assets or any other transaction, of the business to which this Agreement relates.","Except as otherwise set forth herein, neither Party shall transfer, assign or cede any rights or delegate any obligations hereunder, in whole or in part, whether voluntarily or by operation of law, without the prior written consent of the other Party, which consent may be withheld at the other Party's reasonable business discretion; provided, however, that either Party may transfer this Agreement without prior written consent of the other Party to an Affiliate or in connection with a merger or sale of all or substantially all of the stock or assets of such Party.",1
high_sim,3370,4316,0.9677262306213379,"TO THE MAXIMUM EXTENT PERMITTED BY LAW AND NOTWITHSTANDING ANY PROVISION IN THIS AGREEMENT TO THE CONTRARY, NEITHER PARTY WILL BE LIABLE TO THE OTHER PARTY FOR ANY INDIRECT, INCIDENTAL, CONSEQUENTIAL, SPECIAL, RELIANCE OR PUNITIVE DAMAGES OR LOST OR IMPUTED PROFITS OR ROYALTIES OR COST OF PROCUREMENT OF SUBSTITUTE GOODS OR SERVICES, WHETHER LIABILITY IS ASSERTED IN CONTRACT, TORT (INCLUDING NEGLIGENCE AND STRICT PRODUCTS LIABILITY), INDEMNITY OR CONTRIBUTION, AND IRRESPECTIVE OF WHETHER THAT PARTY OR ANY REPRESENTATIVE OF THAT PARTY HAS BEEN ADVISED OF, OR OTHERWISE MIGHT HAVE ANTICIPATED THE POSSIBILITY OF, ANY SUCH LOSS OR DAMAGE.","EXCEPT FOR BREACHES OR VIOLATIONS OF ARTICLE 9, OR INDEMNITY LIABILITIES ARISING UNDER THIS ARTICLE 8, OR CASES OF GROSS NEGLIGENCE OR WILLFUL MISCONDUCT, IN NO EVENT SHALL EITHER PARTY BE LIABLE TO THE OTHER FOR ANY CONSEQUENTIAL, INDIRECT, SPECIAL, INCIDENTAL OR PUNITIVE DAMAGES INCLUDING LOSS OF USE, REVENUES OR PROFITS, INTERRUPTION OF BUSINESS OR CLAIMS AGAINST EITHER PARTY OR ITS CUSTOMERS BY ANY THIRD PARTY, WHETHER SUCH CLAIM IS BASED IN CONTRACT, TORT (INCLUDING NEGLIGENCE), STRICT LIABILITY OR OTHERWISE, EVEN IF THE PARTY IS ADVISED OF THE POSSIBILITY OF SUCH DAMAGES.",1
high_sim,795,4316,0.9676415324211121,"EXCEPT FOR A PARTY'S OBLIGATIONS SET FORTH IN THIS ARTICLE 13, AND ANY BREACH OF ARTICLE 10 (CONFIDENTIALITY), IN NO EVENT WILL EITHER PARTY BE LIABLE TO THE OTHER PARTY (OR THE OTHER PARTY'S AFFILIATES OR SUBLICENSEES) IN CONNECTION WITH THIS AGREEMENT FOR LOST REVENUE, LOST PROFITS, LOST ROYALTIES, LOST SAVINGS, LOSS OF USE, DAMAGE TO GOODWILL, OR ANY CONSEQUENTIAL, INCIDENTAL, SPECIAL, EXEMPLARY, PUNITIVE OR INDIRECT DAMAGES IN CONNECTION WITH THIS AGREEMENT, HOWEVER CAUSED, UNDER ANY THEORY OF LIABILITY, INCLUDING CONTRACT, NEGLIGENCE, OR STRICT LIABILITY, EVEN IF THAT PARTY HAS BEEN PLACED ON NOTICE OF THE POSSIBILITY OF SUCH DAMAGES.","EXCEPT FOR BREACHES OR VIOLATIONS OF ARTICLE 9, OR INDEMNITY LIABILITIES ARISING UNDER THIS ARTICLE 8, OR CASES OF GROSS NEGLIGENCE OR WILLFUL MISCONDUCT, IN NO EVENT SHALL EITHER PARTY BE LIABLE TO THE OTHER FOR ANY CONSEQUENTIAL, INDIRECT, SPECIAL, INCIDENTAL OR PUNITIVE DAMAGES INCLUDING LOSS OF USE, REVENUES OR PROFITS, INTERRUPTION OF BUSINESS OR CLAIMS AGAINST EITHER PARTY OR ITS CUSTOMERS BY ANY THIRD PARTY, WHETHER SUCH CLAIM IS BASED IN CONTRACT, TORT (INCLUDING NEGLIGENCE), STRICT LIABILITY OR OTHERWISE, EVEN IF THE PARTY IS ADVISED OF THE POSSIBILITY OF SUCH DAMAGES.",1
high_sim,4968,7820,0.9676411747932434,This Agreement shall be governed by and construed in accordance with the laws of the State of New York without reference to any rules of conflict of laws.,"This Agreement shall be governed by and construed in all respects in accordance with the laws of the State of New York, without giving effect to any conflicts of laws principles.",1
high_sim,4037,8298,0.9675762057304382,"Except as otherwise set forth herein, neither Party shall transfer, assign or cede any rights or delegate any obligations hereunder, in whole or in part, whether voluntarily or by operation of law, without the prior written consent of the other Party, which consent may be withheld at the other Party's reasonable business discretion; provided, however, that either Party may transfer this Agreement without prior written consent of the other Party to an Affiliate or in connection with a merger or sale of all or substantially all of the stock or assets of such Party.","This Agreement may not be assigned or otherwise transferred, nor may any right or obligations hereunder be assigned or transferred, by either Party without the prior written consent of the other Party; provided, however, that Licensor may, without such consent, assign this Agreement and its rights and obligations hereunder, in whole or in part, to an Affiliate or in connection with the transfer or sale of all or substantially all of its assets related to the Licensed Product or the business relating thereto, or in the event of its merger or consolidation or change in control or similar transaction.",1
high_sim,2395,4316,0.967535674571991,"WITHOUT AFFECTING STRICT PRODUCT LIABILITY UNDER MANDATORY APPLICABLE LAW,  SECTION 10, OR THE RESPECTIVE OBLIGATIONS OF THE PARTIES UNDER THE CONFIDENTIAILITY AGREEMENT AND  EXCEPT FOR BREACHES ASSOCIATED WITH THE UNAUTHORIZED USE OF INTELLECTUAL PROPERTY, IN NO EVENT  SHALL EITHER PARTY BE LIABLE TO THE OTHER PARTY FOR SPECIAL, INCIDENTAL, CONSEQUENTIAL, PUNITIVE OR  TORT DAMAGES, INCLUDING WITHOUT LIMITATION, ANY DAMAGES RESULTING FROM LOSS OF USE, LOSS OF DATA,  LOSS OF PROFITS OR LOSS OF BUSINESS ARISING OUT OF OR IN CONNECTION WITH THE MATTERS CONTEMPLATED  BY THIS AGREEMENT, WHETHER OR NOT A PARTY HAS BEEN ADVISED OF THE POSSIBILITY OF SUCH DAMAGES.","EXCEPT FOR BREACHES OR VIOLATIONS OF ARTICLE 9, OR INDEMNITY LIABILITIES ARISING UNDER THIS ARTICLE 8, OR CASES OF GROSS NEGLIGENCE OR WILLFUL MISCONDUCT, IN NO EVENT SHALL EITHER PARTY BE LIABLE TO THE OTHER FOR ANY CONSEQUENTIAL, INDIRECT, SPECIAL, INCIDENTAL OR PUNITIVE DAMAGES INCLUDING LOSS OF USE, REVENUES OR PROFITS, INTERRUPTION OF BUSINESS OR CLAIMS AGAINST EITHER PARTY OR ITS CUSTOMERS BY ANY THIRD PARTY, WHETHER SUCH CLAIM IS BASED IN CONTRACT, TORT (INCLUDING NEGLIGENCE), STRICT LIABILITY OR OTHERWISE, EVEN IF THE PARTY IS ADVISED OF THE POSSIBILITY OF SUCH DAMAGES.",1
high_sim,4627,1690,0.9672582149505615,"Neither Party may assign or transfer this Supply Agreement, including by merger, operation of law, or otherwise, without the other Party's prior written consent (which shall not be withheld unreasonably) except each Party may assign this Supply Agreement without the other Party's consent in the case of assignment or transfer to a Third Party that succeeds to all or substantially all of the assigning Party's business and assets relating to the subject matter of this Supply Agreement, whether by sale, merger, operation of law or otherwise. Any attempted assignment by a Party in violation of this Section without the written consent of the other Party will be null and void.","Neither party shall, without the prior written consent (not to be unreasonably withheld or delayed) of the other party having been obtained, assign or transfer this Agreement to any person or entity, in whole or in part (and any attempt to do so shall be void), provided that, each party may assign or transfer this Agreement without such consent to any Affiliate or to any successor by merger of such party, or upon a sale or other transfer of all or substantially all of such party's assets or business to which the subject matter of this Agreement pertains, provided that the acquirer of the business confirms to the Supplier in writing its agreement to be bound by all of the terms and conditions of this Agreement and that the assignor shall remain liable for the obligations hereunder.",1
high_sim,4025,6110,0.9670736789703369,"Neoforma hereby grants VerticalNet an exclusive license to use, modify, enhance, reproduce, display, perform and transmit the Neoforma T&E Content, subject to and in accordance with the terms, conditions and provisions of this Agreement.","PaperExchange hereby grants VerticalNet an exclusive license to use, modify, enhance, reproduce, display, perform and transmit the PaperExchange Content, subject to and in accordance with the terms, conditions and provisions of this Agreement.",1
high_sim,2706,4736,0.9670639038085938,"This Agreement shall be governed and construed in accordance with the laws of the State of Delaware, without reference to the conflicts of laws principles thereunder.","This Agreement shall be governed by and construed in accordance with the laws of the State of Ohio, without reference to principles of conflicts of law.",1
high_sim,6361,3837,0.9669561982154846,"You shall have the option to renew the term of this Agreement, on the terms and conditions set forth in this Agreement, for four (4) additional ten (10) year terms, upon written notice given by you to us not less than six (6) months nor more than twelve (12) months prior to the scheduled expiration date of the term then in effect, provided that each of the following conditions are satisfied:   3.2.1 You shall not be in default of any provision of this Agreement, or any other agreement between you and us or our affiliates, or any standards set forth in the Manuals, and you shall have complied with all the terms and conditions of this Agreement, the Manuals and any other agreements during the term of this Agreement.   3.2.2 You shall have satisfied all monetary obligations owed by you to us and our affiliates, and shall have timely met those obligations throughout the term of this Agreement.   3.2.3 You shall, at our option, execute our then-current form of Master Franchise Agreement and any addenda thereto for the renewal term, which renewal agreement shall supersede this Agreement in all respects, and the terms of which, including, without limitation, continuing fees payable to us, may differ materially and be less advantageous to you than the terms of this Agreement.   3.2.4 You shall comply with our then-current qualification and training requirements.   3.2.5 You shall pay us a renewal fee in the sum of Ten Thousand Dollars ($10,000) for the right to renew this Agreement.   3.2.6 You shall execute a general release, in a form prescribed by us, of any and all claims which you may have or believe to have against us and/or our affiliates and our respective officers, directors, agents and employees, whether the claims are known or unknown, which are based on, arise from or relate to this Agreement or the Franchised Business, as well as claims, known or unknown, which are not based on, do not arise from or do not relate to this Agreement or the Franchised Business, but which relate to other franchise agreements, Franchised Businesses and other agreements between us or our affiliates and you which arose on or before the date of the general release, including, without limitation, all obligations, liabilities, demands, costs, expenses, damages, claims, actions and causes of action, of whatever nature, character or description, arising under federal, state and local laws, rules and ordinances (provided, however, that all rights enjoyed by you and any causes of action arising in your favor from the provisions of Article 33 of the New York General Business Law (""GBL"") and the regulations issued thereunder shall remain in force; it being the intent of this provision that the non-waiver provisions of GBL Sections 687.4 and 687.5 be satisfied).","may provide for different fees, advertising requirements, duration, and other rights and obligations from those provided in this Agreement);

            4.    The proposed transferee agrees in writing to perform such maintenance, remodeling and re-equipping of the Restaurant that we determine necessary to bring the Restaurant in compliance with our then-current standards;

            5.    Prior to the date of the proposed Transfer, the proposed transferee's management team successfully completes such training and instruction as we deem necessary;

            6.    We are satisfied that the proposed transferee (and if the proposed transferee is an entity, all holders of any interest in such entity) meets all of the requirements for our new franchisees applicable on the date we receive notice of the proposed transfer and including, but not limited to, good reputation and character, business experience, restaurant management experience, and financial strength and liquidity;

            7.    You and all holders of an interest in you execute a general release, in the form prescribed by us, releasing, to the fullest extent permitted by law, all claims that you or any of your investors may have against us and our affiliates, including our and their respective shareholders, officers, directors and employees, in both their individual and corporate capacities;

            8.    You pay us a transfer fee equal to one-half (1/2) of the then-current Initial Franchise Fee; and

            9.    We waive our right of first refusal under Paragraph XX.",1
high_sim,2395,901,0.9667762517929077,"WITHOUT AFFECTING STRICT PRODUCT LIABILITY UNDER MANDATORY APPLICABLE LAW,  SECTION 10, OR THE RESPECTIVE OBLIGATIONS OF THE PARTIES UNDER THE CONFIDENTIAILITY AGREEMENT AND  EXCEPT FOR BREACHES ASSOCIATED WITH THE UNAUTHORIZED USE OF INTELLECTUAL PROPERTY, IN NO EVENT  SHALL EITHER PARTY BE LIABLE TO THE OTHER PARTY FOR SPECIAL, INCIDENTAL, CONSEQUENTIAL, PUNITIVE OR  TORT DAMAGES, INCLUDING WITHOUT LIMITATION, ANY DAMAGES RESULTING FROM LOSS OF USE, LOSS OF DATA,  LOSS OF PROFITS OR LOSS OF BUSINESS ARISING OUT OF OR IN CONNECTION WITH THE MATTERS CONTEMPLATED  BY THIS AGREEMENT, WHETHER OR NOT A PARTY HAS BEEN ADVISED OF THE POSSIBILITY OF SUCH DAMAGES.","IN NO EVENT SHALL EITHER PARTY BE LIABLE TO THE OTHER FOR ANY ""COVER"" DAMAGES (INCLUDING INTERNAL COVER DAMAGES WHICH THE PARTIES AGREE MAY NOT BE CONSIDERED DIRECT DAMAGES), OR ANY INCIDENTAL, CONSEQUENTIAL, SPECIAL OR PUNITIVE DAMAGES OF ANY KIND OR NATURE ARISING OUT OF THIS AGREEMENT OR THE SALE OF MANUFACTURER'S PRODUCTS, WHETHER SUCH LIABILITY IS ASSERTED ON THE BASIS OF CONTRACT, TORT (INCLUDING THE POSSIBILITY OF NEGLIGENCE OR STRICT LIABILITY), OR OTHERWISE, EVEN IF THE PARTY HAS BEEN WARNED OF THE POSSIBILITY OF ANY SUCH LOSS OR DAMAGE, AND EVEN IF ANY OF THE LIMITED REMEDIES IN THIS AGREEMENT





FAIL OF THEIR ESSENTIAL PURPOSE.",1
high_sim,6361,8971,0.9667227268218994,"You shall have the option to renew the term of this Agreement, on the terms and conditions set forth in this Agreement, for four (4) additional ten (10) year terms, upon written notice given by you to us not less than six (6) months nor more than twelve (12) months prior to the scheduled expiration date of the term then in effect, provided that each of the following conditions are satisfied:   3.2.1 You shall not be in default of any provision of this Agreement, or any other agreement between you and us or our affiliates, or any standards set forth in the Manuals, and you shall have complied with all the terms and conditions of this Agreement, the Manuals and any other agreements during the term of this Agreement.   3.2.2 You shall have satisfied all monetary obligations owed by you to us and our affiliates, and shall have timely met those obligations throughout the term of this Agreement.   3.2.3 You shall, at our option, execute our then-current form of Master Franchise Agreement and any addenda thereto for the renewal term, which renewal agreement shall supersede this Agreement in all respects, and the terms of which, including, without limitation, continuing fees payable to us, may differ materially and be less advantageous to you than the terms of this Agreement.   3.2.4 You shall comply with our then-current qualification and training requirements.   3.2.5 You shall pay us a renewal fee in the sum of Ten Thousand Dollars ($10,000) for the right to renew this Agreement.   3.2.6 You shall execute a general release, in a form prescribed by us, of any and all claims which you may have or believe to have against us and/or our affiliates and our respective officers, directors, agents and employees, whether the claims are known or unknown, which are based on, arise from or relate to this Agreement or the Franchised Business, as well as claims, known or unknown, which are not based on, do not arise from or do not relate to this Agreement or the Franchised Business, but which relate to other franchise agreements, Franchised Businesses and other agreements between us or our affiliates and you which arose on or before the date of the general release, including, without limitation, all obligations, liabilities, demands, costs, expenses, damages, claims, actions and causes of action, of whatever nature, character or description, arising under federal, state and local laws, rules and ordinances (provided, however, that all rights enjoyed by you and any causes of action arising in your favor from the provisions of Article 33 of the New York General Business Law (""GBL"") and the regulations issued thereunder shall remain in force; it being the intent of this provision that the non-waiver provisions of GBL Sections 687.4 and 687.5 be satisfied).","If you propose to Transfer this Agreement, the Franchise or its assets, or any Interest, or if any of your Principal Owners proposes to Transfer a controlling Interest in you or make a Transfer that is one of a series of Transfers which taken together would constitute the Transfer of a controlling Interest in you, then all of the following conditions must be met before or at the time of the Transfer:   (a) the Proposed New Owner must have sufficient business experience, aptitude, and financial resources to operate the Franchise;   (b) you must pay any amounts owed for purchases from us and our affiliates, and any other amounts owed to us or our affiliates which are unpaid;   (c) the Proposed New Owner's directors and such other personnel as we may designate must have successfully completed our Initial Training program, and shall be legally authorized and have all licenses necessary to perform the services offered by the Franchise. The Proposed New Owner shall be responsible for any wages and compensation owed to, and the travel and living expenses (including all transportation costs, room, board and meals) incurred by, the attendees who attend the Initial Training program;   (d) if your lease for the Premises requires it, the lessor must have consented to the assignment of the lease of the Premises to the Proposed New Owner;   (e) you (or the Proposed New Owner) must pay us a Transfer fee equal to seventy-five percent (75%) of the then current initial franchise fee we charge to new Start-up Location franchisees, and must reimburse us for any reasonable expenses incurred by us in investigating and processing any Proposed New Owner where the Transfer is not consummated for any reason;   (f) you and your Principal Owners and your and their spouses must execute a general release (in a form satisfactory to us) of any and all claims you and/or they may have against us, our affiliates, and our and our affiliates' respective officers, directors, employees, and agents;",1
high_sim,835,4627,0.9666234254837036,"Except as otherwise set forth herein, neither party shall transfer, assign or cede any rights or delegate any obligations hereunder, in whole or in part, whether voluntarily or by operation of law, without the prior written consent of the other party, which consent may be withheld at the other party's reasonable business discretion; provided, however, that either party may transfer this Agreement without prior written consent of the other to an Affiliate of such party, or to the surviving party in a merger or consolidation, or to a purchaser of all or substantially all of its assets.","Neither Party may assign or transfer this Supply Agreement, including by merger, operation of law, or otherwise, without the other Party's prior written consent (which shall not be withheld unreasonably) except each Party may assign this Supply Agreement without the other Party's consent in the case of assignment or transfer to a Third Party that succeeds to all or substantially all of the assigning Party's business and assets relating to the subject matter of this Supply Agreement, whether by sale, merger, operation of law or otherwise. Any attempted assignment by a Party in violation of this Section without the written consent of the other Party will be null and void.",1
high_sim,5988,4968,0.9665287733078003,"This Agreement shall be governed by, and construed in accordance with, the laws of the State of New York, without reference to any principles of conflicts of law thereof.",This Agreement shall be governed by and construed in accordance with the laws of the State of New York without reference to any rules of conflict of laws.,1
high_sim,4627,4037,0.9664738178253174,"Neither Party may assign or transfer this Supply Agreement, including by merger, operation of law, or otherwise, without the other Party's prior written consent (which shall not be withheld unreasonably) except each Party may assign this Supply Agreement without the other Party's consent in the case of assignment or transfer to a Third Party that succeeds to all or substantially all of the assigning Party's business and assets relating to the subject matter of this Supply Agreement, whether by sale, merger, operation of law or otherwise. Any attempted assignment by a Party in violation of this Section without the written consent of the other Party will be null and void.","Except as otherwise set forth herein, neither Party shall transfer, assign or cede any rights or delegate any obligations hereunder, in whole or in part, whether voluntarily or by operation of law, without the prior written consent of the other Party, which consent may be withheld at the other Party's reasonable business discretion; provided, however, that either Party may transfer this Agreement without prior written consent of the other Party to an Affiliate or in connection with a merger or sale of all or substantially all of the stock or assets of such Party.",1
high_sim,835,7537,0.9664167165756226,"Except as otherwise set forth herein, neither party shall transfer, assign or cede any rights or delegate any obligations hereunder, in whole or in part, whether voluntarily or by operation of law, without the prior written consent of the other party, which consent may be withheld at the other party's reasonable business discretion; provided, however, that either party may transfer this Agreement without prior written consent of the other to an Affiliate of such party, or to the surviving party in a merger or consolidation, or to a purchaser of all or substantially all of its assets.","This Agreement may not be assigned by either Party, in whole or in part, to any Third Party without the prior written consent of the other Party, except that either Party may assign this Agreement as a whole, and all of its rights and obligations hereunder, without the consent of the other Party, but upon written notice to the other Party (a) to an Affiliate, or (b) in case of a transfer of all, or substantially all, stock or assets of such Party or the relevant business activity through which such Party acts in this Agreement to a Third Party or to any partnership or other venture in which such business activity is to participate.",1
high_sim,2097,2422,0.9664064645767212,This Agreement shall be governed by and construed in accordance with the laws of the State of Texas.,This Agreement shall be construed in accordance with and governed by the laws of the State of South Dakota.,1
high_sim,7742,4235,0.9663490653038025,This Agreement shall be governed by and construed in accordance with the laws of the State of New York applicable to agreements made and to be performed in said State without regard to the conflicts of laws provisions thereof.,"This Agreement shall be construed in accordance with the laws of the State of New York applicable to contracts formed and to be performed entirely within the State of New York, without regard to conflict of laws principles, and in accordance with the applicable provisions of the Investment Fund Act.",1
high_sim,1690,7537,0.966214656829834,"Neither party shall, without the prior written consent (not to be unreasonably withheld or delayed) of the other party having been obtained, assign or transfer this Agreement to any person or entity, in whole or in part (and any attempt to do so shall be void), provided that, each party may assign or transfer this Agreement without such consent to any Affiliate or to any successor by merger of such party, or upon a sale or other transfer of all or substantially all of such party's assets or business to which the subject matter of this Agreement pertains, provided that the acquirer of the business confirms to the Supplier in writing its agreement to be bound by all of the terms and conditions of this Agreement and that the assignor shall remain liable for the obligations hereunder.","This Agreement may not be assigned by either Party, in whole or in part, to any Third Party without the prior written consent of the other Party, except that either Party may assign this Agreement as a whole, and all of its rights and obligations hereunder, without the consent of the other Party, but upon written notice to the other Party (a) to an Affiliate, or (b) in case of a transfer of all, or substantially all, stock or assets of such Party or the relevant business activity through which such Party acts in this Agreement to a Third Party or to any partnership or other venture in which such business activity is to participate.",1
high_sim,2206,4316,0.9661468267440796,"EXCEPTING ONLY CLAIMS MADE PURSUANT TO SECTION 12.1, IN NO EVENT WILL EITHER PARTY BE LIABLE FOR ANY INDIRECT, SPECIAL, INCIDENTAL, EXEMPLARY, PUNITIVE OR CONSEQUENTIAL DAMAGES OF ANY KIND, INCLUDING ANY LOST PROFITS, LOST REVENUES OR LOST SAVINGS, ARISING OUT OF OR IN CONNECTION WITH THIS AGREEMENT AND/OR THE PRODUCTS, WHETHER IN CONTRACT, TORT, STRICT LIABILITY OR OTHERWISE, EVEN IF THE PARTY HAS BEEN ADVISED, KNOWS OR SHOULD KNOW, OR IS OTHERWISE AWARE OF THE POSSIBILITY OF SUCH DAMAGES.","EXCEPT FOR BREACHES OR VIOLATIONS OF ARTICLE 9, OR INDEMNITY LIABILITIES ARISING UNDER THIS ARTICLE 8, OR CASES OF GROSS NEGLIGENCE OR WILLFUL MISCONDUCT, IN NO EVENT SHALL EITHER PARTY BE LIABLE TO THE OTHER FOR ANY CONSEQUENTIAL, INDIRECT, SPECIAL, INCIDENTAL OR PUNITIVE DAMAGES INCLUDING LOSS OF USE, REVENUES OR PROFITS, INTERRUPTION OF BUSINESS OR CLAIMS AGAINST EITHER PARTY OR ITS CUSTOMERS BY ANY THIRD PARTY, WHETHER SUCH CLAIM IS BASED IN CONTRACT, TORT (INCLUDING NEGLIGENCE), STRICT LIABILITY OR OTHERWISE, EVEN IF THE PARTY IS ADVISED OF THE POSSIBILITY OF SUCH DAMAGES.",1
high_sim,5604,3551,0.9660237431526184,"This Agreement shall be governed by and interpreted in accordance with the laws of the State of Delaware, United States of America, without reference to conflict-of-laws principles.","This Agreement shall be governed by, and construed and interpreted in accordance with, the laws of the State of New York, United States of  America, without regard to the principles of conflicts of law thereof.",1
high_sim,901,4316,0.9657918214797974,"IN NO EVENT SHALL EITHER PARTY BE LIABLE TO THE OTHER FOR ANY ""COVER"" DAMAGES (INCLUDING INTERNAL COVER DAMAGES WHICH THE PARTIES AGREE MAY NOT BE CONSIDERED DIRECT DAMAGES), OR ANY INCIDENTAL, CONSEQUENTIAL, SPECIAL OR PUNITIVE DAMAGES OF ANY KIND OR NATURE ARISING OUT OF THIS AGREEMENT OR THE SALE OF MANUFACTURER'S PRODUCTS, WHETHER SUCH LIABILITY IS ASSERTED ON THE BASIS OF CONTRACT, TORT (INCLUDING THE POSSIBILITY OF NEGLIGENCE OR STRICT LIABILITY), OR OTHERWISE, EVEN IF THE PARTY HAS BEEN WARNED OF THE POSSIBILITY OF ANY SUCH LOSS OR DAMAGE, AND EVEN IF ANY OF THE LIMITED REMEDIES IN THIS AGREEMENT





FAIL OF THEIR ESSENTIAL PURPOSE.","EXCEPT FOR BREACHES OR VIOLATIONS OF ARTICLE 9, OR INDEMNITY LIABILITIES ARISING UNDER THIS ARTICLE 8, OR CASES OF GROSS NEGLIGENCE OR WILLFUL MISCONDUCT, IN NO EVENT SHALL EITHER PARTY BE LIABLE TO THE OTHER FOR ANY CONSEQUENTIAL, INDIRECT, SPECIAL, INCIDENTAL OR PUNITIVE DAMAGES INCLUDING LOSS OF USE, REVENUES OR PROFITS, INTERRUPTION OF BUSINESS OR CLAIMS AGAINST EITHER PARTY OR ITS CUSTOMERS BY ANY THIRD PARTY, WHETHER SUCH CLAIM IS BASED IN CONTRACT, TORT (INCLUDING NEGLIGENCE), STRICT LIABILITY OR OTHERWISE, EVEN IF THE PARTY IS ADVISED OF THE POSSIBILITY OF SUCH DAMAGES.",1
high_sim,4940,4946,0.9656878709793091,"FMI hereby grants to Roche a non-exclusive license under the FMI CDx IP for internal research purposes, and to the extent necessary to research, develop, make, have made, use, offer for sale, sell, import and commercialize Roche products other than diagnostic products.","FMI hereby grants to Roche a non-exclusive, royalty-free, worldwide, perpetual, and sublicensable license to any intellectual property arising from the Immunotherapy Testing Platform Program Controlled by FMI for internal research purposes and to the extent necessary for Roche to research, develop, make, have made, use, offer for sale, sell, import and commercialize Roche products other than diagnostic products.",1
high_sim,4627,7537,0.9654684066772461,"Neither Party may assign or transfer this Supply Agreement, including by merger, operation of law, or otherwise, without the other Party's prior written consent (which shall not be withheld unreasonably) except each Party may assign this Supply Agreement without the other Party's consent in the case of assignment or transfer to a Third Party that succeeds to all or substantially all of the assigning Party's business and assets relating to the subject matter of this Supply Agreement, whether by sale, merger, operation of law or otherwise. Any attempted assignment by a Party in violation of this Section without the written consent of the other Party will be null and void.","This Agreement may not be assigned by either Party, in whole or in part, to any Third Party without the prior written consent of the other Party, except that either Party may assign this Agreement as a whole, and all of its rights and obligations hereunder, without the consent of the other Party, but upon written notice to the other Party (a) to an Affiliate, or (b) in case of a transfer of all, or substantially all, stock or assets of such Party or the relevant business activity through which such Party acts in this Agreement to a Third Party or to any partnership or other venture in which such business activity is to participate.",1
high_sim,5988,4736,0.9653664231300354,"This Agreement shall be governed by, and construed in accordance with, the laws of the State of New York, without reference to any principles of conflicts of law thereof.","This Agreement shall be governed by and construed in accordance with the laws of the State of Ohio, without reference to principles of conflicts of law.",1
high_sim,5797,4273,0.9653394222259521,"iPass grants to Channel Partner a nonexclusive, terminable right to: (i) access and otherwise use the Licensed Software, and iPass Marks as provided in Exhibit F solely in furtherance of this Agreement and not for other internal business purposes, (ii) sell or re-license the Licensed Software, Documentation and Services to Business Entities and End Users, and (iii) install and execute the Server Software on up to three (3) designated servers and one backup server for Channel Partner and for each End User.","Subject to the terms and conditions of this          Agreement, Changepoint hereby grants to Corio a fee-bearing,          irrevocable, nonexclusive, nontransferable (except in accordance with          Section 14.1 of this Agreement) license in the Territory to (i)          reproduce the Software in machine executable object code format only          for installation on the Corio Servers; (ii) install multiple copies of          the Software on Corio's Servers which will be made remotely accessible          to Corio's Customers for their internal business purposes, (iii) permit          limited access to and use of the Software by Customers through Corio          Servers solely for such Customer's internal business purposes; (iv)          sublicense an unlimited number of Customers to access and use the          Software only through the installation on Corio Servers solely for such          Customer's internal business purposes; and (v) use Changepoint's tools          and utilities, if any, subject to any restrictions placed on the          Changepoint by third party software providers and payment of any          applicable fees required by such third parties, to configure, integrate          and manage the Software.",1
high_sim,8240,1430,0.9652537107467651,"Either party may terminate this Agreement prior to expiration of the Term: (i) upon thirty (30) days prior written notice, or (ii) immediately upon written notice to the other party if: (a) the other party declares or a petition is filed in any court for insolvency or bankruptcy and such petition is not dismissed in thirty (30) days; (b) the other party reorganizes under the relevant bankruptcy act or any similar statute in such party's jurisdiction of incorporation; (c) the other party consents to the appointment of a trustee in bankruptcy or a receiver or similar entity; or (d) the Developer breaches DSS's Technology or Intellectual Property rights contained herein.","Before expiration of the Term, either Party may terminate this Agreement upon: (i) any material breach of the Agreement by the other Party, if such breach is not remedied to the reasonable satisfaction of the non-breaching Party within ten (10) business days after written notice; (ii) ten (10) business days written notice to the other Party whenever the notifying Party in its sole discretion determines that the continuation of the Agreement will damage its reputation or good will; or (iii) written notice in the event one Party (a) becomes or is declared insolvent or bankrupt or is subject to the appointment of a trustee or receiver or any equivalent thereof, (b) is the subject of any proceeding related to its liquidation or insolvency (whether voluntary or involuntary) which is not dismissed within ninety (90) days, (c) makes an assignment for the benefit of creditors, or (d) is subject to any sale, lease or other transfer of all or substantially all of its assets to any entity; or (e) is subject to a change of control (whether by merger, stock transfer or otherwise), except in the case of an initial public offering.",1
high_sim,5824,7537,0.9651761651039124,"Neither this Agreement nor any rights or obligations hereunder shall be assignable by a Party without the prior written consent of the other Party, provided that either Party shall have the right, on notice to but without the other Party's consent, to assign this Agreement and its rights and obligations contained herein, to an affiliate or to a third party who is not a competitor of the other Party in connection with a sale of all or substantially all of the assigning Party's business or assets relating to this Agreement.","This Agreement may not be assigned by either Party, in whole or in part, to any Third Party without the prior written consent of the other Party, except that either Party may assign this Agreement as a whole, and all of its rights and obligations hereunder, without the consent of the other Party, but upon written notice to the other Party (a) to an Affiliate, or (b) in case of a transfer of all, or substantially all, stock or assets of such Party or the relevant business activity through which such Party acts in this Agreement to a Third Party or to any partnership or other venture in which such business activity is to participate.",1
high_sim,8674,5681,0.9649562239646912,Neither this Agreement nor any of the rights or obligations contained herein may be assigned or  transferred by either party without the prior written consent of the other party.,Neither this Agreement nor the rights of either Party hereunder shall be assigned by either Party without the prior written consent of the other Party.,1
high_sim,8033,6234,0.9649406671524048,This  Agreement  shall  be  construed  in accordance with the laws of the State of Kansas.,This Agreement shall be interpreted in accordance with the                   laws of the State of Indiana.,1
high_sim,4037,7537,0.9647407531738281,"Except as otherwise set forth herein, neither Party shall transfer, assign or cede any rights or delegate any obligations hereunder, in whole or in part, whether voluntarily or by operation of law, without the prior written consent of the other Party, which consent may be withheld at the other Party's reasonable business discretion; provided, however, that either Party may transfer this Agreement without prior written consent of the other Party to an Affiliate or in connection with a merger or sale of all or substantially all of the stock or assets of such Party.","This Agreement may not be assigned by either Party, in whole or in part, to any Third Party without the prior written consent of the other Party, except that either Party may assign this Agreement as a whole, and all of its rights and obligations hereunder, without the consent of the other Party, but upon written notice to the other Party (a) to an Affiliate, or (b) in case of a transfer of all, or substantially all, stock or assets of such Party or the relevant business activity through which such Party acts in this Agreement to a Third Party or to any partnership or other venture in which such business activity is to participate.",1
high_sim,8985,8981,0.9646869897842407,"You must spend, in addition to any contributions to the Ad Fund, a minimum of the greater of (a) Three Thousand and No/100 Dollars ($3,000.00); or (b) five percent (5%) of the Franchise's gross revenues for each month during the term of this Agreement, as outlined in Paragraph 6.4, for local advertising, promotion and marketing.","This amount must equal the greater of (a) Three Thousand and No/100 Dollars ($3,000.00); or (b) five percent (5%) of the Franchise's gross revenues for each month during the term of this Agreement (the ""Local Advertising Requirement"").",1
high_sim,3415,3411,0.9646413326263428,"During the Term, eDiets will not buy, sell, display or distribute advertising from (including, but not limited to, banner ads, buttons, badges, text links, hyperlinks or editorial mentions) or otherwise promote any Women.com Compettive Company on any page of the eDiets Site that is within two clicks from the Gateway Page of the Diet Center.","During the Term, (a) Women.com will not buy, sell, display, distribute advertising from (including, but not limited to, banner ads, buttons, badges, text links, hyperlinks or editorial mentions) or otherwise promote a Competitive Company on any page of the Diet Center;",1
high_sim,5824,4627,0.9646349549293518,"Neither this Agreement nor any rights or obligations hereunder shall be assignable by a Party without the prior written consent of the other Party, provided that either Party shall have the right, on notice to but without the other Party's consent, to assign this Agreement and its rights and obligations contained herein, to an affiliate or to a third party who is not a competitor of the other Party in connection with a sale of all or substantially all of the assigning Party's business or assets relating to this Agreement.","Neither Party may assign or transfer this Supply Agreement, including by merger, operation of law, or otherwise, without the other Party's prior written consent (which shall not be withheld unreasonably) except each Party may assign this Supply Agreement without the other Party's consent in the case of assignment or transfer to a Third Party that succeeds to all or substantially all of the assigning Party's business and assets relating to the subject matter of this Supply Agreement, whether by sale, merger, operation of law or otherwise. Any attempted assignment by a Party in violation of this Section without the written consent of the other Party will be null and void.",1
high_sim,8236,1546,0.9645282030105591,"The initial term of this Agreement shall commence on the Effective Date, and shall continue thereafter for a period of twelve (12) months (the ""Initial Term"").","The term of this Agreement will commence on the Effective Date and continue for a period of three (3) years after the Effective Date (the ""Initial Term"").",1
high_sim,4627,7917,0.9644900560379028,"Neither Party may assign or transfer this Supply Agreement, including by merger, operation of law, or otherwise, without the other Party's prior written consent (which shall not be withheld unreasonably) except each Party may assign this Supply Agreement without the other Party's consent in the case of assignment or transfer to a Third Party that succeeds to all or substantially all of the assigning Party's business and assets relating to the subject matter of this Supply Agreement, whether by sale, merger, operation of law or otherwise. Any attempted assignment by a Party in violation of this Section without the written consent of the other Party will be null and void.","Neither Party may assign or otherwise transfer this Agreement or any rights hereunder, without the prior written consent of the other Party; provided that either Party may assign or otherwise transfer this Agreement or any rights hereunder (a) to a wholly-owned subsidiary of such Party or (b) in connection with the transfer or sale of all or substantially all of the business or assets of such Party related to the subject matter of this Agreement, whether by merger, consolidation, divestiture, restructure, sale of stock sale of assets or otherwise its successor, whether in a merger, sale of stock or sale of assets or any other transaction, in each case (a)-(b), without first obtaining the prior written consent of the other Party, so long as the non-assigning Party is notified in writing of such assignment within [***] ([***]) days following such assignment; provided further that, in no event may BLI assign this Agreement, in whole or in part, to any Person [***] without first obtaining Ginkgo's prior written consent.",1
high_sim,4968,4080,0.9642964601516724,This Agreement shall be governed by and construed in accordance with the laws of the State of New York without reference to any rules of conflict of laws.,This Agreement shall be governed by and construed in accordance with the laws of the State of California without regard to its conflict of laws provisions.,1
high_sim,2422,7660,0.9642767310142517,This Agreement shall be construed in accordance with and governed by the laws of the State of South Dakota.,This Agreement shall be governed by and construed in accordance with the laws of the State of Missouri.,1
high_sim,6310,7562,0.9642308354377747,"Except as otherwise provided in this Agreement, including under Section 7.1, neither this Agreement nor any of the rights, interests or obligations of any Party under this Agreement shall be assigned, in whole or in part, by operation of law or otherwise, by either Party without the prior written consent of the other Party; provided, however, that (a) either Party may assign any of the foregoing in connection with the sale or other transfer of the applicable business or assets of such Party or its Affiliates to which this Agreement relates (except that neither of the Buyer Entities may assign any such rights, interests or obligations with respect to the Arizona Licensed Trademarks); (b) Arizona may assign any of the foregoing to one or more of its Affiliates and (c) the Company and Buyer may assign any of the foregoing to one or more of its Subsidiaries, controlled Affiliates, AWP, or any holding company that is a direct or indirect parent of the Company; provided that in each case (b) and (c), no assignment shall relieve the assigning Party of any of its obligations under this Agreement unless agreed to by the non-assigning Party. Any assignment or other disposition in violation of the preceding sentence shall be void.","This Agreement may not be assigned by either party, by operation of law or otherwise, without the prior written consent of the other party, which consent shall not be unreasonably withheld, provided that (a) M&I's consent need not be obtained in connection with the assignment of this Agreement pursuant to a merger in which Customer is a party and as a result of which the surviving corporation becomes an Affiliate of another bank holding company, bank, savings and loan association or other financial institution having a capital and surplus of at least $100,000,000 so long as the provisions of Section 21.11 are complied with and (b) M&I may freely assign this Agreement (i) in connection with a merger, corporate reorganization or sale of all or substantially all of its assets, stock or securities, or (ii) to any entity which is a successor to the assets or the business of the M&I Data Services division of M&I.",1
high_sim,2706,5604,0.9642230272293091,"This Agreement shall be governed and construed in accordance with the laws of the State of Delaware, without reference to the conflicts of laws principles thereunder.","This Agreement shall be governed by and interpreted in accordance with the laws of the State of Delaware, United States of America, without reference to conflict-of-laws principles.",1
random,34,2004,,"The                            Company shall not have any obligation with respect to                            Products  after  365  days   following   delivery  to                            Distributor, except as provided herein.","Notwithstanding the MDDO at each Point of Delivery,          Shipper shall not nominate a total quantity of natural gas at all          Points of Delivery that exceeds the MDQ set forth in this Agreement.",0
random,85,7424,,This Agreement will commence on the Effective Date and will continue until termination as provided below.,"For each month during the term of this Agreement, HPS will pay to SHPS an amount equal to (i) eighty-two and one-half percent (82.5%) of the first $500,000 of Care Management Revenues (as defined below) during such month plus (ii) eighty percent (80%) of Care Management Revenues during such month in excess of $500,000.",0
random,107,4019,,"Dova and Valeant are each referred to individually as a ""Party"" and together as the ""Parties"".","This Agreement will automatically renew at the end of the Initial Term or a subsequent renewal term on a year to year basis (each, a ""Renewal Term""), unless either Party notifies the other at least 30 days prior to the end of the Initial Term or then current Renewal Term, as applicable, of its intention not to renew this Agreement (a ""Termination Notice"").",0
random,129,4583,,"As between the Parties, Dova shall own all right, title and interest in and to any Product Materials (and all content contained therein) and any Product Labeling (and all content contained therein), including applicable copyrights and trademarks (other than any name, trademark, trade name or logo of Valeant or its Affiliates that may appear on such Product materials or Product Labeling), and to the extent Valeant (or any of its Affiliates) obtains or otherwise has a claim to any of the foregoing, Valeant hereby assigns (and shall cause any applicable Affiliate to assign) all of its right, title and interest in and to such Product Materials (and content) and Product Labeling (and content) (other than any name, trademark, trade name or logo of Valeant or its Affiliates that may appear on such Product materials or Product Labeling) to Dova and Valeant agrees to (and shall cause its applicable Affiliate to) execute all documents and take all actions as are reasonably requested by Dova to vest title to such Product Materials (and content) and Product Labeling (and content) in Dova (or its designated Affiliate).",The Joint Venture Company shall take out the required insurance from an insurance company or organization permitted by Chinese laws and regulations to provide such insurance.,0
random,162,2385,,"Offsets and/or repayment of the Advanced Royalty Payment shall commence on [**] and shall continue, unless sooner  paid, through [**] (the ""Royalty Offset Period"") and such offsets will be taken by EKR (and such repayment will be made  by PPI) as follows:","Unless otherwise agreed in writing by Accuray and Distributor and subject to the termination rights contained in this Agreement,  this Agreement shall begin on the Effective Date and shall continue until the termination of the Strategic Alliance Agreement;  provided, however, that if a Termination Election relating to this Agreement is made pursuant to Section 10.3 of the Strategic  Alliance Agreement prior to such termination, this Agreement shall terminate 36 months after such Termination Election (the  ""Term"").",0
random,383,456,,"Until the Designation Rights Termination Date or as otherwise directed by Purchaser or set forth in this Agreement, Merchant shall continue to maintain, subject to the Wind-Down Budget and the Wind-Down Cap, all of its presently existing property casualty coverage related to the Assets (including but not limited to fire, flood, wind, hail, natural disaster, theft, and extended coverage casualty insurance) until the sale or other disposition of all Assets covered by such policies.","Subject to the terms and conditions of this Agreement, Licensor hereby grants to Licensee, and Licensee hereby accepts from Licensor, an  exclusive, non-transferable (except as set forth in Section 10.7) and non-sublicensable (except as provided in Section 2.1(c)) license to use the  Licensed Domain Names in connection with the Business during the Term",0
random,458,2340,,"This Agreement and any rights or authority granted hereunder shall not be assigned or transferred by either Party, including by  operation of law, merger or otherwise, without the express written consent of the other Party, provided that Licensor may assign this Agreement  without consent to any of its Affiliates and Licensee may assign this Agreement without consent to SINA Leju or an Affiliate of Licensee that is  controlled by SINA Leju.","The obligations under this Section 10.3 state the  entire liability of NCM and are Network Affiliate's sole and exclusive remedies, with respect to intellectual property infringement.",0
random,487,7251,,"This Agreement shall be in full force and effect commencing on January 2, 2020 and shall remain in effect for one (1) year or until Consultant completes the services requested","Kitov hereby grants to Dexcel a fully paid, limited license right to use all of its Confidential Information and Intellectual Property Rights (including, inter alia, the Kitov Foreground IP, Kitov Data, Kitov's share of the Joint IP, and the Trademark (""Kitov Product IP"")) necessary in order for Dexcel to manufacture, Label, package with the Livery, test and release the Product for shipment, exclusively for Kitov, for and during the Term.",0
random,534,7755,,"Your lease (or rider to a lease) must include provisions that will: (a) Allow us the right to elect to take an assignment of the leasehold interest upon termination or expiration of your rights under this Agreement, and that allow us (or our designee) to operate a ""Pizza Fusion"" restaurant upon the premises for the remaining term of the lease or sublease; (b) Require the lessor to provide us with a copy of any written notice of deficiency under the lease sent to you, at the same time as notice is given to you (as the lessee under the lease), and which grants to us the right (but not obligation) to cure any deficiency by you under the lease within fifteen (15) business days after the expiration of the period in which you had to cure any such default should you fail to do so;","Unless this Agreement is terminated earlier in accordance with the terms of Section ​12, the term of this Agreement shall commence on the Effective Date and shall continue until July 31, 2019 (the ""Initial Term"").",0
random,605,8805,,"Each party covenants that         it shall not, under any circumstances, sue the other party (or its         officers, directors, successors and assigns) or any of that parties'         licensees, customers, or distributors (""Protected Entities"") for patent         infringment under any future patents or future patent rights relating to         said Developments, that either party owns or controls, so long as that         Protected Entity has a license from Commerce One or Corio to the         Software, or to a product that is a modification of, derivative work         based on, or replacement for the Software.","You also agree to submit to us (in addition to the reports required pursuant to Section 12.1.4 above), for review or auditing, such other forms, reports, records, information, and data as and when we may reasonably designate, in the form and format, and at the times and places as we may reasonably require, upon request and as specified periodically in the Manual or otherwise in writing, including: (a) information in electronic format; (b) restated in accordance with our financial reporting periods; (c) consistent with our then-current financial reporting periods and accounting practices and standards; and/or (d) a s necessary so that we can comply with reporting obligations imposed upon us by tax authorities with jurisdiction over the Franchised Business and/or our company.",0
random,607,2473,,"Nanjing Tuniu Technology Co., Ltd.,","The sole exception to the foregoing reservation of rights is that AT&T hereby grants Vendor a limited, nonexclusive, non-transferable license (that shall automatically terminate upon the termination or expiration of this Agreement), under any rights owned by AT&T, to use the AT&T Provided Items and Paid- For Development solely as instructed by AT&T and to the extent necessary for Vendor to perform its obligations under this Agreement, subject further to the terms and conditions of this Agreement.",0
random,659,8565,,"In case that the Driver User unilaterally terminates the Financial Leasing Agreement in advance, Party B shall collect the liquidated damages from the Driver User within 30% of the ""down payment + total monthly rent + last payment"" stipulated in the Financial Leasing Agreement;","The parties may mutually agree on a fee allocation different from the foregoing allocations in good faith based on, among other things, the following criteria:   (a) Whether one or both parties have an important relationship that is crucial to securing an assignment   (b) Resource contribution   (c) Product expertise   (d) Industry expertise   (e) Transaction size   (f) Resource constraints",0
random,732,1106,,"DIALOG may terminate this Agreement, immediately upon issuance of written notice to ENERGOUS in the event that: (A) DIALOG or its Affiliates fail to achieve a design-win pipeline with an annual projected sales value to DIALOG of at least [***] in the [***] after the availability of a Mass Production Qualified Product; or (B) the aggregate annual Net Sales of Products are below [***] by the [***] of the availability of a Mass Production Qualified Product, or below [***] by the [***] of the availability of a Mass Production Qualified Product, or below [***] by each [***] of the availability of a Mass Production Qualified Product during the remainder of the Term.","AVIONS DE TRANSPORT REGIONAL, G.I.E",0
random,782,2028,,Vyera shall conduct the Commercialization activities in accordance with the Commercialization Plan and in performing such activities will ensure that it meets or exceeds the Minimum Requirements.,"EXCEPT WITH RESPECT TO THE INDEMNIFICATION OBLIGATIONS SET FORTH IN SECTION 9 WITH REGARD TO CLAIMS BY THIRD PARTIES, IN NO EVENT SHALL EITHER PARTY BE LIABLE FOR CONSEQUENTIAL, INDIRECT, INCIDENTAL, SPECIAL, EXEMPLARY, PUNITIVE OR ENHANCED DAMAGES, LOST PROFITS OR REVENUES OR DIMINUTION IN VALUE ARISING OUT OF, RELATING TO, OR IN CONNECTION WITH ANY BREACH OF THIS AGREEMENT OR CLAIM HEREUNDER, REGARDLESS OF (A) WHETHER SUCH DAMAGES WERE FORESEEABLE, (B) WHETHER OR NOT IT WAS ADVISED OF THE POSSIBLITY OF SUCH DAMAGES, AND (C) THE LEGAL OR EQUITABLE THEORY (CONTRACT, TORT OR OTHERWISE) UPON WHICH THE CLAIM IS BASED.",0
random,797,4999,,Each Party shall provide a certificate of insurance (or evidence of self-insurance) evidencing such coverage to the other Party upon reques,"Subject to the other terms of this Section 9.3, during the Royalty Term, Sanofi shall make quarterly royalty payments to RevMed on aggregate Net Sales of each Product sold outside the United States during a Calendar Year at the applicable royalty rates as set forth below. For clarity, royalties shall only be payable once on any sale of Product under this Agreement.

Aggregate Net Sales of each Product outside the United States during a Calendar Year Royalty Rate Portion of aggregate Net Sales of each Product outside the United States during a Calendar Year less than or equal to $[***] [***]% Portion of aggregate Net Sales of each Product outside the United States during a Calendar Year greater than $[***] and less than or equal to $[***] [***]% Portion of aggregate Net Sales of each Product outside the United States during a Calendar Year greater than $[***] and less than $[***] [***]% Portion of aggregate Net Sales of each Product outside the United States during a Calendar Year greater than $[***] [***]% 45",0
random,947,9413,,"Notwithstanding   anything to the contrary, Stryker's sole remedy and Conformis' exclusive liability for breach of Section 3.2 with respect to a   Product or a Stryker Product shall be as set forth in Section 10.1(i) of the Distribution Agreement.","The audit will be conducted during normal business hours, at convenient times.",0
random,982,1809,,"For monthly Cash Sales above [$●] and up to [$●] , the Base Royalty paid to T&B by LEA shall be [●%]of the LEA's Cash Sales","This Agreement shall be governed by, and construed in accordance with the laws of Spain.",0
random,1007,6443,,"Except for the transfer and assignment under this Agreement, the Depositor will not transfer or assign any Depositor Transferred Property to another Person or Grant or allow a Lien, other than a Permitted Lien, on an interest in any Depositor Transferred Property.","During the term of this Agreement, VIP shall provide BNL such access as necessary to the VIP System to allow BNL to attach one data communication line and up to seventy (70) addressable data communications devices to said VIP System.",0
random,1018,1511,,"After the Initial Term (including any extension thereto made in accordance with the preceding sentence), the Agreement may be extended on a yearly basis up to ten (10) years at Vericel's sole discretion, with renewal notice to be provided to MediWound no later than twelve (12) months prior to the expiry of any yearly extension (the ""Renewal Term"", and the Initial Term, together with the Renewal Term, if any, the ""Term""); provided that unless otherwise agreed by the Parties, the Term of this Agreement (including the Initial Term, any extension of the Initial Term and any Renewal Terms) shall be no more than fifteen (15) years in total.",BKC or its designee shall then have the prior option to purchase the interests  covered by the  offer  at the  price  and  upon the  same  terms  of the  offer.,0
random,1140,8476,,"This Agreement does not provide, and is not intended to be        construed or deemed to provide, any policyholder of the Company with        recourse to or against any of the assets of AIG.","Eutectix hereby grants to Liquidmetal a fully-paid up, royalty-free, perpetual, world-wide, non-exclusive license to any New Process Technologies in which Eutectix acquires licensing rights pursuant to Section 8.2 above.",0
random,1279,7309,,"Customer hereby grants to Manufacturer a non-exclusive license during the Term to use any Customer Property and Customer-Owned Improvements and Developments solely in connection with Manufacturer performing its obligations under this Agreement or the Facility Addendum in accordance with the terms hereof or thereof, as applicable","Agent's appointment hereunder shall commence on the next business day after the later of (i) the date hereof, or (ii) the date Agent has confirmed that Client's records have been converted to Agent's system (the ""Effective Date""), and shall continue for three years thereafter (the ""Initial Term"")",0
random,1342,6751,,Any assignment or agreement or other transaction by Company that fails to be in complete compliance with this Article 3.07 or any other provision of this IP Agreement shall be null and void.,The Agent shall receive the following compensation for its services hereunder:,0
random,1380,4940,,Neither Party shall assign any of its rights or obligations under this Agreement to any third party directly or indirectly without the prior written consent of the other Party.,"FMI hereby grants to Roche a non-exclusive license under the FMI CDx IP for internal research purposes, and to the extent necessary to research, develop, make, have made, use, offer for sale, sell, import and commercialize Roche products other than diagnostic products.",0
random,1389,5542,,"Manufacturer's manufacturing records shall be available to EMV during spot checks and site inspections pursuant to Section 2.4, and upon request to allow EMV to provide such information to certification authorities as may be required.",Such insurance policy shall provide that the insurer shall not terminate or materially modify such policy or remove Duval as an additional named insured without prior written notice to Duval at least twenty (20) days in advance thereof.,0
random,1396,2805,,"Any purported assignment, delegation or transfer in violation of this Section 11.7 is void from the outset and shall be of no force or effect.","In addition, Bank of America may, at no additional charge other than the Software license fees specified in each Product License Schedule, (i) install, use, execute and copy the Software for any backup, archival and emergency purposes and any internal, non-production Bank of America purpose including for test, development, and training; (ii) allow a third party outsourcer or service provider to install, use, execute and copy the Software solely in connection with its provision of services to Bank of America, provided that such use does not extend to providing services to others; and (iii) transfer the Software to any other Platform or Installation Site replacing that on which it was previously installed.",0
random,1520,3501,,A representative of BKC who shall make not less than two (2) one day visits to Poland  per annum to provide  the  Franchisee  with any  requested reasonable  operations or marketing  guidance and advice.,"Bank of America may terminate Maintenance Services for convenience at any time in accordance with the Section entitled ""Termination"" of the Agreement.",0
random,1605,7443,,GLOBAL MAINTENANCE AGREEMENT (,I-AM Capital Acquisition Company,0
random,1724,4057,,Sponsor will be the exclusive retail music store sponsor of                   the Excite Site and the Excite Broadcast Pages.,"VerticalNet hereby grants Neoforma the right to frame all pages of the VerticalNet Auction that contain Laboratory Products Listings with a frame containing Neoforma Marks, which framed pages shall only be accessible from the Neoforma Sites.",0
random,1807,6694,,It is established by calendar year and renewed tacitly every year.,MediaNet Group Technologies tracks the customer sales coming from the reseller and at the end of every calendar month issues a check for 20% commission to the reseller on product sales and 10% the total amount of hosting/maintenance sales made.,0
random,1929,2511,,"If Aimmune obtains such a license to a Third Party Patent, Aimmune shall be entitled to credit [***] percent ([***]%) of the royalties paid to such Third Party during a Calendar Quarter against the royalty payment otherwise payable by Aimmune to Xencor pursuant to this Section 7.3 with respect to such Product and such country in such Calendar Quarter.","At all times and at Vendor's expense, Vendor shall maintain property insurance for all perils, for full replacement cost for all property of AT&T in the care, custody and control of the Vendor.",0
random,1934,8669,,"The Aimmune Know- How shall be transferred pursuant to the procedure to transfer Xencor Know-How, Regulatory Materials, and Regulatory Data in Section 2.7 applied mutatis mutandis.","Neither of the parties hereto may assign its or his rights hereunder without the prior written consent of the other party hereto, and any such attempted assignment without such consent shall be null and void and without effect.",0
random,1945,6051,,"Upon the termination of this Agreement:

14.1.1 all rights and licenses granted to Aimmune hereunder shall immediately terminate and be of no further force and effect and Aimmune shall cease Developing, Commercializing, Manufacturing and Packaging and Labeling such Product in and for all applicable countries; provided, that Aimmune and its Affiliates will be entitled, during the period",not to contest the validity of the HCI Marks or HCI's title              thereto;,0
random,1980,6055,,"Developing, together with the Publishers, a plan for the                     orderly transition of Services (""Transition Plan"") then                     being performed by HealthGate from HealthGate to the                     Publishers or such successor provider of Services.","Subject to the provisions of Section 14 hereof, the term of this Agreement and the sponsorship described herein shall commence on  January 1, 2010 and extend through December 31, 2010.",0
random,2014,3307,,"In the event of THE HENRY FILM AND ENTERTAINMENT CORPORATION, not fulfilling this minimum PERFORMANCE, PACIFICAP ENTERTAINMENT may cancel this Agreement","Without prejudice to the provisions expressly stated elsewhere in this Agreement, a Party's liability for damage suffered by the other Party, attributable to the first mentioned Party or a person for whom it is liable by law, shall be limited to the following events, and the following amounts:     a)   for direct damage to physical goods (property damage or ""zaakschade"") or directly resulting from death or personal injury: up to a maximum of *** per event or series of connected events and up to a further maximum of *** for all events (connected or not) in any period of 12 calendar months;           b)   for damage directly resulting from a material breach of this Agreement: up to a maximum *** or *** as set out in Appendix 2), whatever amount is the highest, in any period of 12 calendar months.",0
random,2043,7352,,"This Agreement shall not be assignable, pledged or otherwise transferred, nor may any right or obligations hereunder be assigned, pledged or transferred, by either Party to any Third Party without the prior written consent of the other Party, which consent, in the event of a financing transaction by the Party asking for consent, shall not be unreasonably withheld, conditioned or delayed by the other Party; except either Party may assign or otherwise transfer this Agreement without the consent of the other Party to an entity that acquires all or substantially all of the business or assets of the assigning Party relating to the subject matter of this Agreement, whether by merger, acquisition or otherwise; provided that intellectual property rights that are owned or held by the acquiring entity or person to such transaction (if other than one of the Parties to this Agreement) shall not be included in the technology licensed hereunder","Fox also grants Licensee a limited, non-exclusive right and license to distribute the following Wireless Products in connection with the Property ""ICE AGE 2"" outside of the United States: (A) 4 Scrat voicetones; (B) 1 John Leguizamo voicetone; and (C) 3 premium videos. (collectively, ""IA2 Audio and Video Wireless Products"")",0
random,2064,8527,,"To the extent that the rights granted to Bellicum hereunder (including Bellicum's right to use each Miltenyi Product for its Permitted Use) are shared with one or more of its Subcontractors or Licensees in accordance with the terms hereof, Bellicum shall first impose limitations and obligations on such Subcontractors or Licensees, in writing, that are consistent with the corresponding limitations and obligations imposed on Bellicum hereunder, and Bellicum shall notify Miltenyi of the name and contact information for each such Subcontractor or Licensee that it shares such rights with, in writing, in accordance with Article 16 of this Agreement.","Notwithstanding the foregoing, unless this Agreement was terminated for a material breach, all provisions of this Agreement shall survive to the extent necessary for i-Escrow to complete any Customer transactions which are pending at the time of expiration or termination.",0
random,2082,8286,,"Miltenyi's sole obligation, and Bellicum's sole and exclusive remedy for breach of the Miltenyi Product Warranty in Section 11.1, shall be as set forth in Article 7, including replacement or refund in accordance with Section 7.6, provided that Miltenyi shall pay reasonable return freight and shipping charges.","At University's request, such request to be made no more than annually, ArTara will provide University with a certificate of insurance and notices of subsequent renewals for its insurance and that of Affiliates extended rights under this Agreement and of sublicensees.",0
random,2119,8408,,Sponsor shall provide SDBF with certificates of insurance evidencing compliance with all insurance provisions noted above prior to the commencement of the sponsorship and annually prior to the expiration of each required insurance policy.,"Neither Party may assign, transfer or subcontract any rights or duties       under this Agreement without prior written approval by the other Party.       MSL may assign or subcontract all or any part of this Agreement to any MSL       Related Company with IBM's prior written consent which shall not be       unreasonably withheld or delayed. MSL may not assign or transfer any       rights or duties under this Agreement without prior written approval by       IBM.",0
random,2130,6961,,"6.1 Both parties shall at all times while this Agreement is in effect and for one (1) year thereafter, at its expense, carry and maintain, at its own expense, insurance on all its operations necessary to comply with insurance laws as applicable.","The Actual Revenues of the parties arising from the Baidu promotion services in the search results pages shall be dividedproportionately, and Party A shall bear the taxes payable on its own share of revenues:

  (1) The address bar, search bar, homepage/blank page of Cheetah Browser shall use Baidu Search as default search engineservice;

  (2) The default traffic shall mean the default traffic of the website address site and the traffic of the Cheetah Browser;

  (3) The monthly average daily non-default traffic shall not exceed the default traffic. If it does, then the traffic in excess willnot form part of the basis for calculating the share of revenues;

  (4) If the default traffic is lower than ***, the share of revenues for the non-default traffic is ***%, and the share of revenuesfor the default traffic is ***%;

  (5) If the default traffic is more than ***, the share of revenues for the non-default traffic is ***%, and the share of revenuesfor the default traffic is ***%;

  (6) If the default traffic is more than ***, the share of revenues for the non-default traffic is ***%, and the share of revenuesfor the default traffic is ***%;",0
random,2260,3738,,"If AbbVie notifies Harpoon in writing within [***] after receipt of such copy that AbbVie wishes to receive a license or sublicense (as applicable) under, and be subject to the rights and obligations of, the Proposed Future In-Licensed Rights as they apply to AbbVie and this Agreement, then the Proposed Future In-Licensed Rights shall automatically be included in the Harpoon Patents and/or Harpoon Know-How (as applicable) hereunder and AbbVie agrees to abide by all applicable terms and conditions of such license, sublicense or other agreement, as it relates to AbbVie and this Agreement, including payment of any financial obligations based upon AbbVie's practice of such intellectual property rights.","This Agreement and its formation, operation and performance      shall be governed, construed, performed, and enforced in accordance with      the laws of the State of California.",0
random,2293,9384,,"Such insurance (a) shall be primary insurance with respect to each Party's own participation under this Agreement, (b) shall be issued by a recognized insurer rated by A.M. Best ""A-VII"" (or its equivalent) or better, or an insurer pre- approved in writing by the other Party, and (c) shall list the other Party as an additional insured under the General Liability Policy.","The Term of this Agreement shall be extended for subsequent one year periods upon the mutual agreement of the parties, which agreement shall be set forth in writing (in which event a party that desires to so extend the Term of this Agreement shall notify the other party at least 120 days prior to the termination of this Agreement).",0
random,2328,6910,,"To the extent any Derived Works are  included in the Service, NCM hereby grants to Network Affiliate during the Term a non-exclusive, non-transferable, non-sublicenseable license to  such Derived Works solely for use in connection with the Service as expressly provided by this Agreement.","Throughout the Term Intuit will not place, and will not allow any party      acting on its behalf to place, any graphic, link or other form of      advertising or media on any page of the Quicken.com Site and/or on any page      on the AOL.com Personal Finance Site (other than the Channel Home Page),      which markets or promotes any electronic postage product, postage meter





     and/or service (""Postage Products"") offered by a Client Competitor.",0
random,2364,2668,,"IF A CLAIM OR CAUSE OF ACTION IS ATTRIBUTABLE TO A PRODUCT OR ANY SERVICES PROVIDED UNDER THE SUBSCRIPTION LICENSE AGREEMENT, THE REMEDIES SET FORTH IN THE SUBSCRIPTION LICENSE AGREEMENT, TO THE EXCLUSION OF THE REMEDIES SET FORTH IN THIS AGREEMENT, SHALL CONSTITUTE THE SOLE AND EXCLUSIVE REMEDIES AVAILABLE TO A PARTY FOR SUCH CLAIM OR CAUSE OF ACTION.","However, Qualigen shall not engage any distributors (whether exclusive or non-exclusive) other than Sekisui for the Qualigen Retained Customers",0
random,2401,6974,,"Notwithstanding Section 4.6.2, for a period of 10 years following Installation of a System, Accuray will  provide to Customer, without charge, Bug Fixes with respect to any software included in the System.","The Developer expressly acknowledges and agrees that any all proprietary materials prepared by the Developer under this Agreement shall be considered ""works for hire"" and the exclusive property of the Client unless otherwise specified.",0
random,2406,8647,,"This Agreement shall commence as of the Effective Date and shall continue in full force and effect for an initial term of  three (3) years from the Promotion Commencement Date, divided into three one-year periods.","""Hydraspin Share"" means, with respect to Net Revenue, the percentage of Net Revenue that Hydraspin is entitled to receive, as follows: (i) for the first ten (10) Products installed, 92.5% of Net Revenue, and (ii) for the eleventh (11th) Product installed and all Products installed thereafter, 85% of Net Revenue.",0
random,2483,4021,,"Subject to Subsection (g) below, Vendor shall provide and shall require that its Subcontractors provide to AT&T, its auditors (including internal audit staff and external auditors), and governmental authorities access at all reasonable times to:

(i) any facility at which the Services or any portion thereof are being performed;

(ii) systems and assets used to provide the Services or any portion thereof;

(iii) Vendor employees and Subcontractor employees providing the Services or any portion thereof; and

(iv) all Vendor and Subcontractor records, including financial records relating to the invoices and payment obligations and supporting documentation, pertaining to the Services.",VerticalNet shall not enter into any agreement with a Neoforma Competitor for the on-line listing of Medical Products or place any Link to the Site of a Neoforma Competitor on the VerticalNet Medical Online Communities.,0
random,2569,9159,,"Save the event of gross negligence or willful misconduct, if any claims arise by the SENDER such as the loss of profit, this shall not  exceed twenty five percent (25%) of the value that ECOPETROL is obliged to indemnify the SENDER under this numeral 11.2(d) of the  Contract hereof.","EFS shall maintain at all times during the Term of this Agreement insurance as provided below and  shall name Client, its parent company, subsidiaries and affiliated entities and their respective officers, directors, shareholders,  agents and employees as additional insureds to the extent of indemnity provided herein under its liability policies as follows:     (i) Commercial general liability insurance including premises/operations, broad form property damage,  independent contractors, and contractual liability covering EFS' obligations hereunder for bodily injury and property damage, with  a combined single limit of not less than $1,000,000 each occurrence and $6,000,000 umbrella coverage;     (ii) Workers' compensation insurance in statutory amounts covering EFS and its employees; and     (iii) Errors and omissions insurance, and employer's liability insurance in an amount not less than  $1,000,000 per accident/disease.",0
random,2621,5582,,"If the Village Media Company does not exercise its right of first refusal, PFHOF shall have the right to grant a license with respect to such third party on the same terms originally provided to the Village Media Company.","If the Company or any of its Subsidiaries decides to seek a joint venture partner to develop, acquire or otherwise earn an interest in any Properties including the Existing Properties, in circumstances where the Company's participation in such joint venture is not dependent on the participation of a particular third party as joint venture partner (such as in the case of an earn-in) (each a ""Proposed Joint Venture""), the Company shall immediately provide notice to HOC (the ""Joint Venture Proposal Notice"") specifying sufficient information regarding the particulars of the Proposed Joint Venture to allow HOC to make a reasoned decision in respect of participating in the Proposed Joint Venture, including to the extent any such terms are determinable at such time: (A) a description of the Property in respect of which the Proposed Joint Venture relates, and (B) the terms, including the purchase price, for the Proposed Joint Venture, and if applicable, a true copy of any related term sheet setting forth such terms.",0
random,2692,7111,,"In the event of any breach of Sections 9.1 through 9.3, including without limitation, any actions by stockholders of Qualigen that result in a Sale Transaction without complying with Sections 9.1 through 9.3 above, or otherwise hinder the intent and purpose of the provisions of Sections 9.1 through 9.3 above, in addition to any other remedies available to Sekisui under the terms of this Agreement, including the right to specific performance and other equitable remedies, Sekisui shall be entitled to liquidated damages in the amount of three times any and all Financing Payments made to date.","All costs and expenses incurred in connection with performing any such audit shall be paid by Theravance unless the audit discloses at least a five percent (5%) shortfall, in which case the Recording Party will bear the full cost of the audit for such Calendar Year.",0
random,2999,8008,,"Pretzel  Time  reserves  the right to  suspend  contributions/fees  and operations of the  Advertising  Fund for one or more  periods,  and the right to terminate the  Advertising  Fund, upon thirty (30) days' prior written notice to Franchisee.","Subject to all other terms and conditions set forth herein, as of the date of this agreement, LEADER maintain the software for an additional five years.",0
random,3154,5919,,"Papa John's Marketing Fund, Inc","The provisions of this Agreement shall be binding upon and inure to the benefit of the parties hereto and their respective successors and assigns, provided, that, unless in connection with Permitted Transfers, neither party may assign, delegate or otherwise transfer any of its rights or obligations under this Agreement to any person without the express written consent of the other party hereto and any such assignment or other transfer shall be null and void; provided, further, that no such assignment shall relieve the assigning party of its obligations hereunder if such assignee does not perform such obligations.",0
random,3232,6627,,Green Cross may grant sublicensees solely for purposes of performing its Development obligations under this Agreement,"In addition to any other responsibilities stated in this Agreement, Company will: (a) Provide, at Distributor's reasonable request and without charge, up to 10 hours of training with regard to any characteristics of the Products that Distributor deems reasonably necessary for Distributor and its employees and agents to fulfill the purposes of Distributor's appointment,",0
random,3360,8919,,"Additionally, PB will remain obligated to pay any Approval Payments that become due and payable pursuant to ARTICLE 6 at such time as such payments become due and payable (if ever) pursuant to ARTICLE 6 (except to the extent of the amount of any Buy-Out Payment paid by PB pursuant to Section 6.7), provided that such Approval Payments (or Buy-Out Payment, as applicable) shall be adjusted as set forth in Section 6.2, and reduced by the amount previously paid by PB to SFJ pursuant to this Section 14.2.5.2.","For the avoidance of doubt, any signed Purchase Order which has not been completed at the date of expiry shall continue in effect unless cancelled in accordance with Section 6.4 or Article 18.",0
random,3483,7461,,"In the event this Agreement is terminated by either Party for any reason whatsoever, HEMISPHERX agrees to reasonable efforts to make Product available to SCIEN for a period of three (3) months after the termination date at the same Transfer Price and under the same terms of payment.","During the Term, Franchisor shall have the right to conduct audits of Franchisee with respect to the Smaaash Centres, and inspect the Smaaash Centres, after providing a written notice of 5 (five) days.",0
random,3519,7802,,"The Company and Online BVI each assign to Skype, with full title guarantee, all copyrights, patents, trade marks, service marks, rights of publicity, authors' rights, contract and licensing rights, goodwill and all other intellectual property rights in and to the foregoing translations as may exist now and/or hereafter come into existence and arising under the laws of any jurisdiction for the entire term of such rights and all renewals, revivals and extensions thereof.",Franchisor reserves the right to approve or disapprove any Transfer as its sole and absolute right.,0
random,3532,4644,,"Each Party shall (i) immediately stop displaying, featuring, linking or in any other manner using the Company-Skype Branded Application (provided in the case of Skype, other than the Skype Software in the Company-Skype Branded Application), Company-Skype Toolbar, Company-Skype Branded Web Site, Company-Skype Branded Content, any co-branded materials or any other Intellectual Property of the other Parties (including, without limitation, Intellectual Property deemed to be owned by the other Parties under Section 4.2.3.2); (ii) return such materials directly to the other Parties, or delete and overwrite any electronically stored copies of such materials within thirty (30) days from the date of termination of this Agreement; (iii) within such thirty (30) day period, deliver to the other Parties a certificate duly executed by its authorised officer certifying its compliance with the foregoing, and (iv) provide the other Parties with such information and access to data and databases as may be necessary to permit such other Parties to fulfil any contractual obligations by them to users of the Company-Skype Branded Application undertaken by such other Parties prior to the time of termination.","This Agreement shall be governed by, and construed and enforced in accordance with, the laws of the State of Delaware, without regard to any conflict or choice-of-law provision or rule (whether of the State of Delaware or any other jurisdiction) that would cause the application of the laws of any jurisdiction other than the State of Delaware.",0
random,3831,5739,,"In the event you are a corporation, partnership, limited liability company or other entity, any transfer of stock (or other form of ownership interest) constituting a controlling interest in you will be subject to the consent, right of first refusal, transfer fee and all other applicable provisions of this Agreement.","months, each such extension commencing at the end of the last day of the      Initial Term or the relevant anniversary thereof, unless either Party      serves written notice of termination on the other Party at least 65 days      prior to the end of the Initial Term, or any subsequent extension.",0
random,3868,5553,,"non-food products, beverages, and other items, products, delivery vehicles, products and supplies for test of content and evaluation purposes to make certain that the Menu Items, ingredients, food and non-food products, beverages and other items, products, delivery vehicles, materials and supplies are satisfactory and meet our quality control provisions and performance standards.","This Agreement shall be governed by, and construed in accordance with, the Laws of the State of New York, applicable to contracts executed in and to be performed entirely within that",0
random,3954,4979,,Axiometric shall have the exclusive right to market                            and sell AMR Product Suites to entities whose                            corporate headquarters are physically located in the                            United States and U.S. territories with the exception                            of Datamatic as defined in 3.3.1 and 3.3.2 below,Sanofi may exercise its Option at any time during the Term by providing RevMed with written notice of such exercise,0
random,4238,8846,,Support and Maintenance Agreement,"In the event COMWARE  purchases an amount less than      $45,420.00, than this Agreement will automatically terminate.",0
random,4255,6110,,Any assignment in          violation of this Section 14.1 shall be null and void.,"PaperExchange hereby grants VerticalNet an exclusive license to use, modify, enhance, reproduce, display, perform and transmit the PaperExchange Content, subject to and in accordance with the terms, conditions and provisions of this Agreement.",0
random,4320,8172,,"The Joint Venture is a fixed term Joint Venture beginning November 27, 2018 and ending November 30th, 2019 or as otherwise provided in this Agreement.",The distribution limits stated above are the maximum number of Pin Codes that may be distributed in the Promotion.,0
random,4358,6101,,"The term of this Agreement shall be one (1) year, commencing January 1, 2008 and ending on December 31, 2008.","During the Term, PaperExchange shall not place any advertisements on the PaperExchange Site from any Pulp and Paper Online Competitor.",0
random,4651,8860,,"UTC, on behalf of itself and the other members of the UTC Group, hereby grants to Otis, Carrier and the other members of the Otis Group and the Carrier Group a limited, non-exclusive, non-transferable, personal and nonsublicensable right to continue temporarily to use, following the Effective Time, any United Technologies Trademark it is using immediately prior to the Effective Time, solely to the extent of such pre- Separation use and in accordance with product quality standards and programs in place at the respective member of the Otis Group or the Carrier Group immediately prior to the Effective Time, and strictly in accordance with this Section 4.2.3; provided that Otis and Carrier shall, and shall cause each of its respective Affiliates (including, after the Effective Time, the members of, respectively, the Otis Group and the Carrier Group) (a) not to hold itself out as having any affiliation with UTC or any member of the UTC Group (except to the extent a third party may infer such affiliation merely due to the limited use of the United Technologies Trademarks as contemplated herein), and (b) to use diligent efforts to eliminate use of the United Technologies Trademarks.","Wade Enterprises, Athlete and together with Naked, are each referred to herein as a ""Party"" and collectively, the ""Parties"".",0
random,4661,4902,,"Consultant will not, during the Term, and for a period of one (1) year thereafter, directly or indirectly:","The foregoing provisions of this Section 6 shall not apply to any invention that CONSULTANT developed entirely on CONSULTANT's own time without using the Company's equipment, supplies, facilities or trade secret information, except for those inventions that (i) relate to the Company's business or actual or demonstrably anticipated research or development, or (ii) result from any work performed by CONSULTANT for the Company.",0
random,4698,8274,,"Upon thirty (30) days prior written notice from a Party (the ""Auditing Party""), the other Party (the ""Audited Party"") shall permit an independent certified public accounting firm of nationally recognized standing selected by the Auditing Party and reasonably acceptable to the Audited Party, to examine, at the Auditing Party's sole expense, the relevant books and records of the Audited Party and its Affiliates as may be reasonably necessary to verify the accuracy of the reports submitted by the Audited Party in accordance with Sections 3.4(d), 4.1(c) and 4.3(a) and the payment of Promotion Fees hereunder.",No Party may assign any rights under this Agreement or delegate any duties hereunder without the prior written consent of the other Party.,0
random,4744,9367,,"The HOF Entities grant to Constellation a nonexclusive, nontransferable, royalty-free license to use the marks set forth on Exhibit F (""HOF Entity Marks"") in the United States or online during the Term solely in connection with (i) Constellation's use and promotion of the designations set forth on Exhibit E in connection with commercial activations, marketing promotions, commercial programs and marketing programs related to the Village, (ii) B2B-related and B2C-related marketing activities approved by the HOF Entities and (iii) as otherwise expressly contemplated by this Agreement.","At any time that there is no uncompleted Statement of Work outstanding, either party may terminate this Agreement for any or no reason upon fifteen (15) days advance notice to the other.",0
random,4816,7961,,"Upon expiration or termination of this Agreement, the Company will (i) provide reasonable cooperation and assistance to Allscripts, at Allscripts' written request and to the extent necessary to fulfill any continuing obligations under this Agreement, in transitioning the terminated Support Services to an alternative service provider; and [***].","TO THE GREATEST EXTENT PERMITTED UNDER APPLICABLE LAW, IN NO EVENT WILL A PARTY'S AGGREGATE LIABILITY (ABOVE AMOUNTS ACTUALLY PAID OR REIMBURSED BY SUCH PARTY'S INSURER (TO THE EXTENT NOT SELF-INSURED)) FOR A CLAIM ARISING OUT OF OR RELATED TO THIS AGREEMENT UNDER ANY LEGAL OR EQUITABLE THEORY, INCLUDING BREACH OF CONTRACT, TORT (INCLUDING NEGLIGENCE), STRICT LIABILITY, AND OTHERWISE EXCEED [***], EXCEPT THAT (A) SUCH LIMITATION SHALL NOT APPLY TO (I) A PARTY'S BREACH OF ARTICLE 10 (CONFIDENTIALITY), [***], (V) A PARTY'S FRAUD, GROSS NEGLIGENCE OR WILLFUL MISCONDUCT OR (VI) A PARTY'S INDEMNIFICATION OBLIGATIONS UNDER ARTICLE 12 (INDEMNIFICATION; INSURANCE) AND (B) SUCH LIMITATION ON LIABILITY SHALL NOT INCLUDE ANY AMOUNTS ACCRUED AND ACTUALLY OWED PURSUANT TO THE TERMS OF THIS AGREEMENT.",0
random,4845,8516,,Any assignment of this Agreement in contravention of this Section 18.9 shall be null and void.,"In the event that either party does not give such notice, the term of this Agreement shall be automatically renewed for another one (1) year.",0
random,4881,9378,,This Agreement shall be deemed to have been made in the     --------------     state of Washington and shall be construed in accordance with the laws of     the state of Washington.,COMPANYS' MAXIMUM LIABILITY TO CONTRACTOR FOR ANY REASON ARISING OUT OF THIS AGREEMENT SHALL BE LIMITED TO THE AMOUNT OF FEES PAID TO CONTRACTOR.,0
random,4968,6135,,This Agreement shall be governed by and construed in accordance with the laws of the State of New York without reference to any rules of conflict of laws.,"During the 18-month period following the payment by one party of any amount due under this Agreement to the other party, the party receiving",0
random,4986,9070,,"If Sanofi provides such Notice of Interest during [***], then RevMed shall not negotiate with any Third Party the terms under which such Third Party would obtain any development or commercialization rights with respect to a SHP1-SHP2 Dual Inhibitor during the SHP1-SHP2 Dual Inhibitor Licensing Negotiation Period.","Equidata may audit, at Equidata's expense, the Marketing Affiliate's marketing, practices and activities for the  purpose of assuring compliance with this Agreement.",0
random,4995,6086,,"In the case of RevMed, the intellectual property owned or controlled by any such Acquiror or its Acquiror Family prior to the applicable Change of Control or other similar transaction immediately prior to such acquisition (other than as a result of a license from the acquired Party) or is thereafter developed outside the scope of this Agreement in accordance with this Agreement shall be excluded from the RevMed Licensed Technology, in each case only for so long as the remainder of the conditions of this Section 15.2 are met, and the Acquiror Family shall be excluded from ""Affiliate"" solely for purposes of the applicable components of the intellectual property definitions set forth herein, in all such cases if and only if: (A) the acquired Party remains a wholly-owned subsidiary of the Acquiror; (B) all intellectual property of the Acquired Party Family and","Neither Party shall sell, transfer or assign this Agreement or the rights or obligations hereunder, without the prior written consent of the other Party, such consent not to be unreasonably withheld or delayed.",0
random,5115,8541,,"NO ACTIONS, REGARDLESS OF FORM, ARISING OUT OF THIS AGREEMENT, MAY BE BROUGHT BY DISTRIBUTOR MORE THAN ONE (1) YEAR AFTER THE CAUSE OF ACTION HAS ARISEN.",Moelis Holdings agrees not to open an office in Japan conducting Covered Businesses during the term of this Agreement.,0
random,5139,5638,,"This Agreement is subject to and governed by the laws of the State of Delaware, U.S.A. (without regard to conflict of law principles).","written notice of the cancellation, termination or change at least thirty (30) days in advance of the effective date of the cancellation, termination or material adverse change:

(a) Worker's Compensation Insurance as required by the laws of the state where Operator's facilities are located;

(b) Employer's liability insurance with limits not less than One Million Dollars ($1,000,000); and

(c) Commercial General Liability Insurance, including bodily injury and property damage liability including premises operations, contractual liability endorsements, products liability and completed operations with limits not less than Five Million Dollars ($5,000,000).",0
random,5157,6580,,The Party seeking to enforce such infringement claims [***] of any suit brought by it claiming infringement of any Joint Patent. T,"Equifax hereby grants, and will cause the other members of the Equifax Group to grant, to Certegy a fully paid, non-exclusive, perpetual, worldwide, non-transferable license to use, modify, copy, improve, create Derivative Works and Certegy Enhancements from, and sublicense the Licensed Equifax Materials (excluding the Utility Software Programs) solely for use in the Certegy Business and as that business may evolve and change in the future, subject to the following:

          (i)   Certegy shall not sublicense, or otherwise disclose or                 distribute, or permit any Person to use, the Licensed Equifax                 Materials (excluding the Utility Software Programs), except in                 accordance with Section 4.1(b);

          (ii)  Certegy shall hold the Licensed Equifax Materials (excluding the                 Utility Software Programs) in strict confidence; will not remove                 or destroy any proprietary markings of the Equifax Group on or                 contained in the Licensed Equifax Materials (excluding the                 Utility",0
random,5371,8461,,"Notwithstanding the foregoing, Excite may display Excite                   Search results links to NetGrocer's Competitors in Excite                   Search results pages in response to user queries, may display                   links to NetGrocer's Competitors in Excite's general                   directory of Web sites and, after giving NetGrocer reasonable                   advance notice, in search results displayed in ""Excite                   Shopping Service powered by Jango"".","In consideration of the license of Liquidmetal Technical Information and the Licensed Equipment granted by Liquidmetal, Eutectix agrees to pay Liquidmetal a cash royalty based on a percentage of the invoice price of any Licensed Products (but not including Liquidmetal Products) sold by Eutectix or its permitted sublicensees and for which payment was actually received by Eutectix.",0
random,5480,6389,,"Subaru of America, Inc., its parent and subsidiaries shall be included as  additional insureds under the CGL using ISO additional insured endorsement CG 20 10 or a substitute providing equivalent coverage.",We will provide you or one of your principals and up to five (5) additional persons with a comprehensive initial training program and additional training programs from time to time.,0
random,5592,7760,,"Election. If HOC delivers the Financing Election, one or more of the HOC Entities shall pay the purchase price for, and the Company shall issue, additional Shares, free and clear of all liens and encumbrances.","If Calm does not exercise its ROFR within the ROFR Period, XSPA may enter into such agreement or arrangement with respect to the applicable region and/or Stores set forth in the ROFR Notice with any third party; provided that, such agreement or arrangement are on the same terms offered to Calm (it being understood that in the event XSPA modifies such terms, XSPA shall provide a new ROFR Notice to Calm in accordance with this Section ​3.02).",0
random,5656,7244,,"To the extent that any such ACSI Derivative Works or Company Derivative Works are not ""works made for hire"", Company hereby assigns and agrees to assign to ACSI (or such of its Affiliates as it may designate) all right, title and interest to all ACSI Derivative Works and all associated Intellectual Property Rights, and ACSI hereby assigns and agrees to assign to Company (or such of its Affiliates as it may designate) all right, title and interest in and to all Company Derivative Works and all associated Intellectual Property Rights. Each Party shall take, at the other Party's expense, any actions (including, without limitation, execution and delivery of affidavits and other documents) reasonably requested by such other Party to effect, perfect or confirm its or its designee's ownership rights as set forth in this Section 6.1.3  [Ownership].","In this regarding, within thirty (30) days from the  execution of this Agreement, Bizzingo will secure an insurance policy with limits of $5,000,000 per event and $ 5,000,000 umbrella,  naming Theismann as an additional insured, covering the losses and claims stated in this sub-paragraph d.",0
random,5712,8970,,"The Professional acknowledges that she will have a right, pursuant to and under the","As used in this Agreement the term ""Transfer"" means any voluntary, involuntary, direct or indirect assignment, sale, gift, exchange, grant of a security interest, or occurrence of any other event which would or might change the ownership of any Interest, and includes, without limitation: (1) the Transfer of ownership of capital stock, partnership interest or other ownership interest (including the granting of options (such as stock options or any option which give anyone ownership rights now or in the future); (2) merger or consolidation, or issuance of additional securities representing an ownership interest in Franchise Owner; (3) sale of common stock of Franchise Owner sold pursuant to a private placement or registered public offering; (4) Transfer of an Interest in a divorce proceeding or otherwise by operation of law; or (5) Transfer of an Interest by will, declaration of or transfer in trust, or under the laws of intestate succession.",0
random,5807,8314,,"Seller hereby covenants and agrees, that from time to time forthwith upon the reasonable written request of Backhaul or Buyer, that Seller will, at Backhaul's cost and expense, do, execute, acknowledge and deliver or cause to be done, executed, acknowledged and delivered, each and all of such further acts, deeds, assignments, transfers, conveyances and assurances as may reasonably be required by Backhaul or Buyer in order to transfer, assign, convey and deliver unto and vest in Backhaul title to all right, title and interest of Seller in, to and under the Assigned Intellectual Property.","assign, transfer, alienate, encumber or hypothecate any of its rights or obligations hereunder without the express prior written consent of the other party, except that Consolidated Artists shall have the right to assign the financial benefits hereof and TPC hereby consents to such assignment.",0
random,5908,6799,,"Subject to the restrictions set forth in Section 5.1 of this Agreement and Section 2.3 of the Warrant, in the event any member of the Farids Group proposes to Transfer (other than a Permitted Transfer) (i) a Threshold Block, in a transaction or series of related transactions, that, to the Farids Group's knowledge (after due inquiry in connection with a private, non-open market transaction) is to a Person whom the Company reasonably determines is a direct or indirect material competitor of the Company or any Affiliate of such Person or (ii) a Significant Block, in a transaction or series of related transactions, that, to the Farids Group's knowledge (after due inquiry in connection with a private, non-open market transaction) is to a Person whom the Company reasonably determines is a direct or indirect material competitor of the Company or any Affiliate of such Person (in each case, regardless of whether such Transfer will constitute a 144 Sale), the Farids Group shall furnish to the Company a written notice of such proposed Transfer (a ""ROFR Sale Notice"") at least (5) business days prior to the business day that the Farids Group proposes to effect such Transfer.","Guaranteed Minimum Royalty during the First Additional Term:   In the event that the Renewal Threshold is achieved in the Third Contract Year, during the First Additional Term the Minimum Royalty and Timing of Payment shall be as follows:   Contract Year   Minimum Royalty   Timing of Payment Four   $2,500,000   $833,333.33 payment due on the following dates: July 23, 2016; October 1, 2016; February 1, 2017 Five   $2,500,000   $833,333.33 payment due on the following dates: July 23, 2017; October 1, 2017; February 1, 2018 Six   $2,500,000   $833,333.33 payment due on the following dates: July 23, 2018; October 1, 2018; February 1, 2019",0
random,5927,8456,,"Neither party may assign this Agreement,                           in whole or in part, without the other party's                           written consent (which will not be unreasonably                           withheld or delayed), except that no such consent                           will be required in connection with (i) a merger,                           reorganization or sale of all, or substantially all,                           of such party's assets or its","The following additional terms shall apply to Eutectix's exercise of this option: (a) Eutectix's option hereunder shall be exercisable by providing Liquidmetal with written notice of its intention to exercise its chosen option no later than the effective date of termination. Such notice shall include a description of the assets Eutectix will purchase (the ""Optioned Assets""). (b) In the event that Eutectix and Liquidmetal cannot agree to a fair market value for the Optioned Assets, then the fair market value shall be determined by an independent third-party appraisal. Eutectix and Liquidmetal shall each select one independent, qualified appraiser, and the two so selected shall select a third appraiser, all three to independently from one another determine the fair market value of the Optioned Assets. The purchase price shall be the mean of the fair market values as determined by the three appraisers. (c) The closing for the purchase of the Optioned Assets will take place no later than sixty (60) days after the termination, unless the Parties cannot agree on the price, in which case, closing will take place no later than sixty (60) days after the three independent appraisals have been received. Eutectix will pay the purchase price in full at the closing. Liquidmetal must sign all documents of assignment and transfer as are reasonably necessary for purchase of the Optioned Assets by Liquidmetal. (d) In the event that Eutectix does not exercise its right to purchase the Optioned Assets as set forth above, Liquidmetal will be free to keep or to sell, after such termination to any third party, all of the Optioned Assets and shall be responsible for timely removing equipment not purchased by Eutectix at Liquidmetal's own expense. In the event Liquidmetal fails to timely remove such Optioned Assets, in light of the periods for continued operation in Section 5.4(b)(ii) and closing in Section 5.5(c), Eutectix may dispose of them, at Liquidmetal's cost, with no liability to Eutectix.",0
random,6050,8622,,"EXCEPT WITH RESPECT TO THE INDEMNITY OBLIGATIONS IN SECTION 14, THE CONFIDENTIALITY OBLIGATIONS UNDER SECTION 16, AND THE YEAR 2000 COMPLIANCE OBLIGATIONS UNDER SECTION 20, NOTWITHSTANDING ANYTHING TO THE CONTRARY CONTAINED IN THIS AGREEMENT, UNDER NO CIRCUMSTANCES SHALL EITHER PARTY BE LIABLE TO THE OTHER PARTY WITH RESPECT TO THE SUBJECT MATTER OF THIS AGREEMENT UNDER ANY CONTRACT, NEGLIGENCE,

                                                                              10

STRICT LIABILITY, TORT OR OTHER LEGAL OR EQUITABLE THEORY FOR ANY INDIRECT, INCIDENTAL, CONSEQUENTIAL, SPECIAL OR EXEMPLARY DAMAGES (INCLUDING, WITHOUT LIMITATION, LOSS OF REVENUE OR GOODWILL OR ANTICIPATED PROFITS OR LOST BUSINESS), EVEN IF SUCH PARTY HAS BEEN ADVISED OF THE POSSIBILITY OF SUCH DAMAGES.",The Adviser shall make available to the Trust during regular business hours all records and other data created and maintained pursuant to the foregoing provisions of this Agreement for reasonable audit and inspection by the Trust or any regulatory agency having authority over the Trust.,0
random,6187,8514,,The term of this Agreement shall be five (5) years.,"The term of this Agreement shall continue for one (1) year following the Launch Date, unless earlier terminated as provided herein.",0
random,6468,8502,,"TL's initial order for each recorded                   Product shall be a minimum of five thousand (5,000) units.",The coverage of third-party liability insurance shall not be lower than RMB1 million.,0
random,6586,6869,,"Without limiting the foregoing, Certegy hereby grants, and will cause





the other members of the Certegy Group to grant, to Equifax a fully paid, non- exclusive, perpetual, worldwide, transferable license to use, modify, improve, create Derivative Works from, and sublicense, the Utility Software Programs (in both object and source code format) identified on Exhibit L as being owned by Certegy or a member of the Certegy Group for any and all fields of use and to any and all Person",". Without limiting the generality of the foregoing, upon any termination of this Agreement by either Party in accordance with its terms (or otherwise), in no event shall STAAR be required to pay to Distributor any ""good will"" or other payment of any nature or kind based on the sales, business development or other activities of Distributor during the term of this Agreement.",0
random,6598,9158,,"From and after the Closing Date, Equifax and Certegy shall each, and shall cause each member of its Group to, afford the other and its accountants, counsel and other designated Representatives reasonable access (including using reasonable efforts to give access to person or firms possessing such information) and duplicating rights during normal business hours to all records, books, contracts, instruments, computer data and other data and information in its possession relating to the assets, Liabilities, Licensed Materials, business and affairs of the other (other than data and information subject to any attorney/client or other privilege), insofar as such",EFS agrees that these policies shall not be canceled or materially changed without at least thirty (30) days'  prior written notice to Client.,0
random,6618,7310,,This Agreement shall become effective on the date first written above and shall continue in effect for a period of Three (3) years.,"Agent's appointment hereunder shall commence on the next business day after the later of (i) the date hereof, or (ii) the date Agent has confirmed that Client's records have been converted to Agent's system (the ""Effective Date""), and shall continue for three years thereafter (the ""Initial Term"").",0
random,6706,7516,,"Further, during the Non-Competition Period, Rubicon shall not solicit any





employee of ISA or any employee of any ISA Client.","Paragraph 1(a) of the Agreement is amended to provide that Fox grants Licensee a worldwide, exclusive (except as otherwise may be provided in the Agreement), non-transferable right and license to distribute video clips for the property ""KINGDOM OF HEAVEN"" (""KOH Video Clips"")",0
random,6773,7025,,"collectively, ""MusclePharm"" or the ""Company""","Once the monthly License Fee for a particular Unit has started, it will continue for a minimum of 36 consecutive months with the only exception being that should Power2Ship uninstall a particular Unit from one customer and install it at another customer, Power2Ship is permitted to suspend the monthly License Fee for that particular Unit for a maximum of 2 months during the life of this Agreement.",0
random,6811,7194,,"Endorser also agrees to the use on a world-wide basis (as specified pursuant to Section 6 below and subject to the terms and conditions of this Agreement), during the Term, of his Name and Appearance Rights to advertise and promote the business of MusclePharm, its Products, and the Licensed Products.",This Agreement shall be governed by and construed in accordance with the laws of the state of Delaware.,0
random,6830,8020,,"During the Term and after expiration or termination of this Agreement, MusclePharm shall not contest or otherwise challenge or attack the AS Parties' rights in the Trademarks or Name and Appearance Rights or the validity of the license being granted herein.","Tadeo will have the right (but not the obligation) to terminate this Agreement and the rights granted to Diplomat hereunder, upon 60 days written notice to Diplomat, following the acquisition of all or substantially all of the assets of Diplomat by any Permitted Assignee (as defined in Section 9(a) of this Agreement), or the acquisition of the beneficial ownership of at least 20% (the ""Threshold"") of the voting power represented by the voting securities of Diplomat, any successor thereto or any Permitted Assignee by any person or",0
random,6909,8677,,"If Intuit elects to provide advertising, sponsorship or other      -------      promotional space on all or any portion of the Intuit Sites for a Client      Competitor, Intuit agrees to negotiate with Client in good faith regarding      such promotional opportunity.","Media Liability insurance with limits not less than $2,000,000 per occurrence and aggregate.",0
random,6926,8278,,"doing business as Network Associates, Inc.,","In the event of any termination of the Project by University, (a) University agrees to complete Phase I and II of the Project, and (b) ArTara will continue to provide annual funding until the completion of Phase II.",0
random,6937,7210,,"""Minimum Revenue Targets"" shall mean: (i) in the first (1st) year of the Term, Aggregate Revenues of not less than Nine Million Dollars ($9,000,000) and (ii) in the second (2nd) year of the Term, Aggregate Revenues of not less than Twelve Million Dollars ($12,000,000).","Upon the occurrence of any of the following, WGT may      terminate the Term by giving Distributor written notice of such termination      for:",0
random,7499,7942,,All rights granted to HSWI under this Agreement may be exercised by or through HSWI and/or its Affiliates.,"With respect to any Intellectual Property developed by BLI or its Affiliates in collaboration or on behalf of a Third Party during the Term of this Agreement that is [***] for (a) [***] or (b) [***], with respect to each, BLI and its Affiliates shall [***] to [***] that BLI or its Affiliates Control such Intellectual Property so that BLI may grant a license to Ginkgo with respect to such Intellectual Property as set forth in Section 9.1 (Grants to Ginkgo).",0
random,8383,9040,,"Thereafter, this agreement will renew automatically from year to year unless cancelled in writing by either Party giving the other written notice of such cancellation a minimum of 60 days before the end of the then current term.","in such capacity and together with its successors and assigns in such capacity, the ""Agent""",0
random,8737,9266,,"ANTHEMIC will not, at any time during or after the Effective Date, dispute or contest, directly or indirectly, the Sponsor's exclusive ownership in the Sponsor's trademarks.","Transaction Applications Group, Inc.",0
